slug,url,image
harrison,https://irishfamilysurnames.com/product/harrison/,https://irishfamilysurnames.com/wp-content/uploads/2021/04/harrison-B-H.jpg
hart,https://irishfamilysurnames.com/product/hart/,https://irishfamilysurnames.com/wp-content/uploads/2021/04/hart-B-H.jpg
harte,https://irishfamilysurnames.com/product/harte/,https://irishfamilysurnames.com/wp-content/uploads/2021/04/harte-B-H.jpg
hackett,https://irishfamilysurnames.com/product/hackett/,https://irishfamilysurnames.com/wp-content/uploads/2021/04/hackett-B-H.jpg
hall,https://irishfamilysurnames.com/product/hall/,https://irishfamilysurnames.com/wp-content/uploads/2021/04/hall-B-H.jpg
halloran,https://irishfamilysurnames.com/product/halloran/,https://irishfamilysurnames.com/wp-content/uploads/2021/04/halloran-B-H.jpg
hanley,https://irishfamilysurnames.com/product/hanley/,https://irishfamilysurnames.com/wp-content/uploads/2021/04/hanley-B-H.jpg
hanlon,https://irishfamilysurnames.com/product/hanlon/,https://irishfamilysurnames.com/wp-content/uploads/2021/04/hanlon-B-H.jpg
hannon,https://irishfamilysurnames.com/product/hannon/,https://irishfamilysurnames.com/wp-content/uploads/2021/04/hannon-B-H.jpg
hara,https://irishfamilysurnames.com/product/hara/,https://irishfamilysurnames.com/wp-content/uploads/2021/04/hara-B-H.jpg
harrington,https://irishfamilysurnames.com/product/harrington/,https://irishfamilysurnames.com/wp-content/uploads/2021/04/harrington-B-H.jpg
hayes,https://irishfamilysurnames.com/product/hayes/,https://irishfamilysurnames.com/wp-content/uploads/2021/04/hayes-B-H.jpg
healy,https://irishfamilysurnames.com/product/healy/,https://irishfamilysurnames.com/wp-content/uploads/2021/04/healy-B-H.jpg
heffernan,https://irishfamilysurnames.com/product/heffernan/,https://irishfamilysurnames.com/wp-content/uploads/2021/04/heffernan-B-H.jpg
hely,https://irishfamilysurnames.com/product/hely/,https://irishfamilysurnames.com/wp-content/uploads/2021/04/hely-B-H.jpg
hennessy,https://irishfamilysurnames.com/product/hennessy/,https://irishfamilysurnames.com/wp-content/uploads/2021/04/hennessy-B-H.jpg
hickey,https://irishfamilysurnames.com/product/hickey/,https://irishfamilysurnames.com/wp-content/uploads/2021/04/hickey-B-H.jpg
higgins,https://irishfamilysurnames.com/product/higgins/,https://irishfamilysurnames.com/wp-content/uploads/2021/04/higgins-B-H.jpg
hines,https://irishfamilysurnames.com/product/hines/,https://irishfamilysurnames.com/wp-content/uploads/2021/04/hines-B-H.jpg
hogan,https://irishfamilysurnames.com/product/hogan/,https://irishfamilysurnames.com/wp-content/uploads/2021/04/hogan-B-H.jpg
horan,https://irishfamilysurnames.com/product/horan/,https://irishfamilysurnames.com/wp-content/uploads/2021/04/horan-B-H.jpg
hughes,https://irishfamilysurnames.com/product/hughes/,https://irishfamilysurnames.com/wp-content/uploads/2021/04/hughes-B-H.jpg
hyland-copy,https://irishfamilysurnames.com/product/hyland-copy/,https://irishfamilysurnames.com/wp-content/uploads/2021/04/hynes-B-H.jpg
hurley,https://irishfamilysurnames.com/product/hurley/,https://irishfamilysurnames.com/wp-content/uploads/2021/04/hurley-B-H-1.jpg
johnson,https://irishfamilysurnames.com/product/johnson/,https://irishfamilysurnames.com/wp-content/uploads/2021/04/johnson-B-H.jpg
jordan,https://irishfamilysurnames.com/product/jordan/,https://irishfamilysurnames.com/wp-content/uploads/2021/04/jordan-B-H.jpg
kearney,https://irishfamilysurnames.com/product/kearney/,https://irishfamilysurnames.com/wp-content/uploads/2021/04/kearney-B-H.jpg
kearns,https://irishfamilysurnames.com/product/kearns/,https://irishfamilysurnames.com/wp-content/uploads/2021/04/kearns-B-H.jpg
keating,https://irishfamilysurnames.com/product/keating/,https://irishfamilysurnames.com/wp-content/uploads/2021/04/keating-B-H.jpg
keefe,https://irishfamilysurnames.com/product/keefe/,https://irishfamilysurnames.com/wp-content/uploads/2021/04/keefe-B-H.jpg
keeffe,https://irishfamilysurnames.com/product/keeffe/,https://irishfamilysurnames.com/wp-content/uploads/2021/04/keeffe-B-H.jpg
keegan,https://irishfamilysurnames.com/product/keegan/,https://irishfamilysurnames.com/wp-content/uploads/2021/04/keegan-B-H.jpg
keenan,https://irishfamilysurnames.com/product/keenan/,https://irishfamilysurnames.com/wp-content/uploads/2021/04/keenan-B-H.jpg
kehoe,https://irishfamilysurnames.com/product/kehoe/,https://irishfamilysurnames.com/wp-content/uploads/2021/04/kehoe-B-H.jpg
kelley,https://irishfamilysurnames.com/product/kelley/,https://irishfamilysurnames.com/wp-content/uploads/2021/04/kelley-B-H.jpg
kelly,https://irishfamilysurnames.com/product/kelly/,https://irishfamilysurnames.com/wp-content/uploads/2021/04/kelly-B-H.jpg
kennedy,https://irishfamilysurnames.com/product/kennedy/,https://irishfamilysurnames.com/wp-content/uploads/2021/04/kennedy-B-H.jpg
kenny,https://irishfamilysurnames.com/product/kenny/,https://irishfamilysurnames.com/wp-content/uploads/2021/04/kenny-B-H.jpg
keogh,https://irishfamilysurnames.com/product/keogh/,https://irishfamilysurnames.com/wp-content/uploads/2021/04/keogh-B-H.jpg
kerins,https://irishfamilysurnames.com/product/kerins/,https://irishfamilysurnames.com/wp-content/uploads/2021/04/kerins-B-H.jpg
king,https://irishfamilysurnames.com/product/king/,https://irishfamilysurnames.com/wp-content/uploads/2021/04/king-B-H.jpg
kinsella,https://irishfamilysurnames.com/product/kinsella/,https://irishfamilysurnames.com/wp-content/uploads/2021/04/kinsella-B-H.jpg
lalor,https://irishfamilysurnames.com/product/lalor/,https://irishfamilysurnames.com/wp-content/uploads/2021/04/lalor-B-H.jpg
larkin,https://irishfamilysurnames.com/product/larkin/,https://irishfamilysurnames.com/wp-content/uploads/2021/04/larkin-B-H.jpg
lawler,https://irishfamilysurnames.com/product/lawler/,https://irishfamilysurnames.com/wp-content/uploads/2021/04/lawler-B-H-1.jpg
lawlor,https://irishfamilysurnames.com/product/lawlor/,https://irishfamilysurnames.com/wp-content/uploads/2021/04/lawlor-B-H-1.jpg
lee,https://irishfamilysurnames.com/product/lee/,https://irishfamilysurnames.com/wp-content/uploads/2021/04/lee-B-H-1.jpg
lenihan,https://irishfamilysurnames.com/product/lenihan/,https://irishfamilysurnames.com/wp-content/uploads/2021/04/lenihan-B-H-1.jpg
lennon,https://irishfamilysurnames.com/product/lennon/,https://irishfamilysurnames.com/wp-content/uploads/2021/04/lennon-B-H-1.jpg
kirwan,https://irishfamilysurnames.com/product/kirwan/,https://irishfamilysurnames.com/wp-content/uploads/2021/04/kirwan-B-H.jpg
long,https://irishfamilysurnames.com/product/long/,https://irishfamilysurnames.com/wp-content/uploads/2021/04/long-B-H-1.jpg
lyons,https://irishfamilysurnames.com/product/lyons/,https://irishfamilysurnames.com/wp-content/uploads/2021/04/lyons-B-H-1.jpg
mackey,https://irishfamilysurnames.com/product/mackey/,https://irishfamilysurnames.com/wp-content/uploads/2021/04/mackey-B-H.jpg
madden,https://irishfamilysurnames.com/product/madden/,https://irishfamilysurnames.com/wp-content/uploads/2021/04/madden-B-H.jpg
magee,https://irishfamilysurnames.com/product/magee/,https://irishfamilysurnames.com/wp-content/uploads/2021/04/magee-B-H.jpg
maguire,https://irishfamilysurnames.com/product/maguire/,https://irishfamilysurnames.com/wp-content/uploads/2021/04/maguire-B-H.jpg
maher,https://irishfamilysurnames.com/product/maher/,https://irishfamilysurnames.com/wp-content/uploads/2021/04/maher-B-H.jpg
mahon,https://irishfamilysurnames.com/product/mahon/,https://irishfamilysurnames.com/wp-content/uploads/2021/04/mahon-B-H.jpg
mahoney,https://irishfamilysurnames.com/product/mahoney/,https://irishfamilysurnames.com/wp-content/uploads/2021/04/mahoney-B-H.jpg
mahony,https://irishfamilysurnames.com/product/mahony/,https://irishfamilysurnames.com/wp-content/uploads/2021/04/mahony-B-H.jpg
malley,https://irishfamilysurnames.com/product/malley/,https://irishfamilysurnames.com/wp-content/uploads/2021/04/malley-B-H.jpg
manning,https://irishfamilysurnames.com/product/manning/,https://irishfamilysurnames.com/wp-content/uploads/2021/04/manning-B-H.jpg
mara,https://irishfamilysurnames.com/product/mara/,https://irishfamilysurnames.com/wp-content/uploads/2021/04/mara-B-H.jpg
martin,https://irishfamilysurnames.com/product/martin/,https://irishfamilysurnames.com/wp-content/uploads/2021/04/martin-B-H.jpg
meagher,https://irishfamilysurnames.com/product/meagher/,https://irishfamilysurnames.com/wp-content/uploads/2021/04/meagher-B-H.jpg
miller,https://irishfamilysurnames.com/product/miller/,https://irishfamilysurnames.com/wp-content/uploads/2021/04/miller-B-H.jpg
mitchell,https://irishfamilysurnames.com/product/mitchell/,https://irishfamilysurnames.com/wp-content/uploads/2021/04/mitchell-B-H.jpg
monaghan,https://irishfamilysurnames.com/product/monaghan/,https://irishfamilysurnames.com/wp-content/uploads/2021/04/monaghan-B-H.jpg
mooney,https://irishfamilysurnames.com/product/mooney/,https://irishfamilysurnames.com/wp-content/uploads/2021/04/mooney-B-H.jpg
moore,https://irishfamilysurnames.com/product/moore/,https://irishfamilysurnames.com/wp-content/uploads/2021/04/moore-B-H.jpg
moran,https://irishfamilysurnames.com/product/moran/,https://irishfamilysurnames.com/wp-content/uploads/2021/04/moran-B-H.jpg
moriarty,https://irishfamilysurnames.com/product/moriarty/,https://irishfamilysurnames.com/wp-content/uploads/2021/04/moriarty-B-H.jpg
morris,https://irishfamilysurnames.com/product/morris/,https://irishfamilysurnames.com/wp-content/uploads/2021/04/morris-B-H.jpg
mullan,https://irishfamilysurnames.com/product/mullan/,https://irishfamilysurnames.com/wp-content/uploads/2021/04/mullan-B-H.jpg
mulligan,https://irishfamilysurnames.com/product/mulligan/,https://irishfamilysurnames.com/wp-content/uploads/2021/04/mulligan-B-H.jpg
murphy,https://irishfamilysurnames.com/product/murphy/,https://irishfamilysurnames.com/wp-content/uploads/2021/04/murphy-B-H.jpg
murray,https://irishfamilysurnames.com/product/murray/,https://irishfamilysurnames.com/wp-content/uploads/2021/04/murray-B-H.jpg
mcawley,https://irishfamilysurnames.com/product/mcawley/,https://irishfamilysurnames.com/wp-content/uploads/2021/04/mcawley-B-H.jpg
mccabe,https://irishfamilysurnames.com/product/mccabe/,https://irishfamilysurnames.com/wp-content/uploads/2021/04/mccabe-B-H.jpg
mccarthy,https://irishfamilysurnames.com/product/mccarthy/,https://irishfamilysurnames.com/wp-content/uploads/2021/04/mccarthy-B-H.jpg
mccormack,https://irishfamilysurnames.com/product/mccormack/,https://irishfamilysurnames.com/wp-content/uploads/2021/04/mccormack-B-H.jpg
mccormick,https://irishfamilysurnames.com/product/mccormick/,https://irishfamilysurnames.com/wp-content/uploads/2021/04/mccormick-B-H.jpg
mcdonagh,https://irishfamilysurnames.com/product/mcdonagh/,https://irishfamilysurnames.com/wp-content/uploads/2021/04/mcdonagh-B-H.jpg
mcdonald,https://irishfamilysurnames.com/product/mcdonald/,https://irishfamilysurnames.com/wp-content/uploads/2021/04/mcdonald-B-H.jpg
mcdonnell,https://irishfamilysurnames.com/product/mcdonnell/,https://irishfamilysurnames.com/wp-content/uploads/2021/04/mcdonnell-B-H.jpg
mcdowell,https://irishfamilysurnames.com/product/mcdowell/,https://irishfamilysurnames.com/wp-content/uploads/2021/04/mcdowell-B-H.jpg
mcelroy,https://irishfamilysurnames.com/product/mcelroy/,https://irishfamilysurnames.com/wp-content/uploads/2021/04/mcelroy-B-H.jpg
mcgee,https://irishfamilysurnames.com/product/mcgee/,https://irishfamilysurnames.com/wp-content/uploads/2021/04/mcgee-B-H.jpg
mcginley,https://irishfamilysurnames.com/product/mcginley/,https://irishfamilysurnames.com/wp-content/uploads/2021/04/mcginley-B-H.jpg
mcgovern,https://irishfamilysurnames.com/product/mcgovern/,https://irishfamilysurnames.com/wp-content/uploads/2021/04/mcgovern-B-H.jpg
mcgowan,https://irishfamilysurnames.com/product/mcgowan/,https://irishfamilysurnames.com/wp-content/uploads/2021/04/mcgowan-B-H.jpg
mcgrath,https://irishfamilysurnames.com/product/mcgrath/,https://irishfamilysurnames.com/wp-content/uploads/2021/04/mcgrath-B-H.jpg
mcguinness,https://irishfamilysurnames.com/product/mcguinness/,https://irishfamilysurnames.com/wp-content/uploads/2021/04/mcguinness-B-H.jpg
mcguire,https://irishfamilysurnames.com/product/mcguire/,https://irishfamilysurnames.com/wp-content/uploads/2021/04/mcguire-B-H.jpg
mcinerney,https://irishfamilysurnames.com/product/mcinerney/,https://irishfamilysurnames.com/wp-content/uploads/2021/04/mcinerney-B-H.jpg
mckee,https://irishfamilysurnames.com/product/mckee/,https://irishfamilysurnames.com/wp-content/uploads/2021/04/mckee-B-H.jpg
mckenna,https://irishfamilysurnames.com/product/mckenna/,https://irishfamilysurnames.com/wp-content/uploads/2021/04/mckenna-B-H.jpg
mckeogh,https://irishfamilysurnames.com/product/mckeogh/,https://irishfamilysurnames.com/wp-content/uploads/2021/04/mckeogh-B-H.jpg
mclaughlin,https://irishfamilysurnames.com/product/mclaughlin/,https://irishfamilysurnames.com/wp-content/uploads/2021/04/mclaughlin-B-H.jpg
mcloughlin,https://irishfamilysurnames.com/product/mcloughlin/,https://irishfamilysurnames.com/wp-content/uploads/2021/04/mcloughlin-B-H.jpg
mcmahon,https://irishfamilysurnames.com/product/mcmahon/,https://irishfamilysurnames.com/wp-content/uploads/2021/04/mcmahon-B-H.jpg
mcmanus,https://irishfamilysurnames.com/product/mcmanus/,https://irishfamilysurnames.com/wp-content/uploads/2021/04/mcmanus-B-H.jpg
mcnally,https://irishfamilysurnames.com/product/mcnally/,https://irishfamilysurnames.com/wp-content/uploads/2021/04/mcnally-B-H.jpg
mcnamara,https://irishfamilysurnames.com/product/mcnamara/,https://irishfamilysurnames.com/wp-content/uploads/2021/04/mcnamara-B-H.jpg
mcsweeney,https://irishfamilysurnames.com/product/mcsweeney/,https://irishfamilysurnames.com/wp-content/uploads/2021/04/mcsweeney-B-H.jpg
power,https://irishfamilysurnames.com/product/power/,https://irishfamilysurnames.com/wp-content/uploads/2021/04/power-B-H.jpg
reagan,https://irishfamilysurnames.com/product/reagan/,https://irishfamilysurnames.com/wp-content/uploads/2021/04/reagan-B-H.jpg
reardon,https://irishfamilysurnames.com/product/reardon/,https://irishfamilysurnames.com/wp-content/uploads/2021/04/reardon-B-H.jpg
redmond,https://irishfamilysurnames.com/product/redmond/,https://irishfamilysurnames.com/wp-content/uploads/2021/04/redmond-B-H.jpg
regan,https://irishfamilysurnames.com/product/regan/,https://irishfamilysurnames.com/wp-content/uploads/2021/04/regan-B-H.jpg
reynolds,https://irishfamilysurnames.com/product/reynolds/,https://irishfamilysurnames.com/wp-content/uploads/2021/04/reynolds-B-H.jpg
roche,https://irishfamilysurnames.com/product/roche/,https://irishfamilysurnames.com/wp-content/uploads/2021/04/roche-B-H.jpg
rooney,https://irishfamilysurnames.com/product/rooney/,https://irishfamilysurnames.com/wp-content/uploads/2021/04/rooney-B-H.jpg
rourke,https://irishfamilysurnames.com/product/rourke/,https://irishfamilysurnames.com/wp-content/uploads/2021/04/rourke-B-H.jpg
russell,https://irishfamilysurnames.com/product/russell/,https://irishfamilysurnames.com/wp-content/uploads/2021/04/russell-B-H.jpg
ryan,https://irishfamilysurnames.com/product/ryan/,https://irishfamilysurnames.com/wp-content/uploads/2021/04/ryan-B-H.jpg
butler,https://irishfamilysurnames.com/product/butler/,https://irishfamilysurnames.com/wp-content/uploads/2021/04/butler-B-H.jpg
byrne,https://irishfamilysurnames.com/product/byrne/,https://irishfamilysurnames.com/wp-content/uploads/2021/04/byrne-B-H.jpg
burns,https://irishfamilysurnames.com/product/burns/,https://irishfamilysurnames.com/wp-content/uploads/2021/04/burns-B-H.jpg
burke,https://irishfamilysurnames.com/product/burke/,https://irishfamilysurnames.com/wp-content/uploads/2021/04/burke-B-H.jpg
burk,https://irishfamilysurnames.com/product/burk/,https://irishfamilysurnames.com/wp-content/uploads/2021/04/burk-B-H.jpg
buckley,https://irishfamilysurnames.com/product/buckley/,https://irishfamilysurnames.com/wp-content/uploads/2021/04/buckley-B-H.jpg
browne,https://irishfamilysurnames.com/product/browne/,https://irishfamilysurnames.com/wp-content/uploads/2021/04/browne-B-H.jpg
brown,https://irishfamilysurnames.com/product/brown/,https://irishfamilysurnames.com/wp-content/uploads/2021/04/brown-B-H.jpg
brophy,https://irishfamilysurnames.com/product/brophy/,https://irishfamilysurnames.com/wp-content/uploads/2021/04/brophy-B-H.jpg
brien,https://irishfamilysurnames.com/product/brien/,https://irishfamilysurnames.com/wp-content/uploads/2021/04/brien-B-H.jpg
brennan,https://irishfamilysurnames.com/product/brennan/,https://irishfamilysurnames.com/wp-content/uploads/2021/04/brennan-B-H.jpg
brady,https://irishfamilysurnames.com/product/brady/,https://irishfamilysurnames.com/wp-content/uploads/2021/04/brady-B-H.jpg
blake,https://irishfamilysurnames.com/product/blake/,https://irishfamilysurnames.com/wp-content/uploads/2021/04/blake-B-H.jpg
behan,https://irishfamilysurnames.com/product/behan/,https://irishfamilysurnames.com/wp-content/uploads/2021/04/behan-B-H.jpg
barry,https://irishfamilysurnames.com/product/barry/,https://irishfamilysurnames.com/wp-content/uploads/2021/04/barry-B-H.jpg
barrett,https://irishfamilysurnames.com/product/barrett/,https://irishfamilysurnames.com/wp-content/uploads/2021/04/barrett-B-H.jpg
allen,https://irishfamilysurnames.com/product/allen/,https://irishfamilysurnames.com/wp-content/uploads/2021/04/allen-B-H.jpg
ahern,https://irishfamilysurnames.com/product/ahern/,https://irishfamilysurnames.com/wp-content/uploads/2021/04/ahern-B-H.jpg
aherne,https://irishfamilysurnames.com/product/aherne/,https://irishfamilysurnames.com/wp-content/uploads/2021/04/aherne-B-H.jpg
mcevoy,https://irishfamilysurnames.com/product/mcevoy/,https://irishfamilysurnames.com/wp-content/uploads/2021/04/mcevoy-B-H.jpg
mchugh,https://irishfamilysurnames.com/product/mchugh/,https://irishfamilysurnames.com/wp-content/uploads/2021/04/mchugh-B-H.jpg
rafferty,https://irishfamilysurnames.com/product/rafferty/,https://irishfamilysurnames.com/wp-content/uploads/2021/04/rafferty-B-H.jpg
riley,https://irishfamilysurnames.com/product/riley/,https://irishfamilysurnames.com/wp-content/uploads/2021/04/riley-B-H.jpg
roark,https://irishfamilysurnames.com/product/roark/,https://irishfamilysurnames.com/wp-content/uploads/2021/04/roark-B-H.jpg
callaghan,https://irishfamilysurnames.com/product/callaghan/,https://irishfamilysurnames.com/wp-content/uploads/2021/04/callaghan-B-H.jpg
campbell,https://irishfamilysurnames.com/product/campbell/,https://irishfamilysurnames.com/wp-content/uploads/2021/04/campbell-B-H.jpg
carney,https://irishfamilysurnames.com/product/carney/,https://irishfamilysurnames.com/wp-content/uploads/2021/04/carney-B-H.jpg
carey,https://irishfamilysurnames.com/product/carey/,https://irishfamilysurnames.com/wp-content/uploads/2021/04/carey-B-H.jpg
nolan,https://irishfamilysurnames.com/product/nolan/,https://irishfamilysurnames.com/wp-content/uploads/2021/04/nolan-B-H.jpg
nugent,https://irishfamilysurnames.com/product/nugent/,https://irishfamilysurnames.com/wp-content/uploads/2021/04/nugent-B-H.jpg
neill,https://irishfamilysurnames.com/product/neill/,https://irishfamilysurnames.com/wp-content/uploads/2021/04/neill-B-H.jpg
nally,https://irishfamilysurnames.com/product/nally/,https://irishfamilysurnames.com/wp-content/uploads/2021/04/nally-B-H.jpg
obrien,https://irishfamilysurnames.com/product/obrien/,https://irishfamilysurnames.com/wp-content/uploads/2021/04/o-brien-B-H.jpg
obyrne,https://irishfamilysurnames.com/product/obyrne/,https://irishfamilysurnames.com/wp-content/uploads/2021/04/o-byrne-B-H.jpg
quigley,https://irishfamilysurnames.com/product/quigley/,https://irishfamilysurnames.com/wp-content/uploads/2021/04/quigley-B-H.jpg
quinlan,https://irishfamilysurnames.com/product/quinlan/,https://irishfamilysurnames.com/wp-content/uploads/2021/04/quinlan-B-H.jpg
quinn,https://irishfamilysurnames.com/product/quinn/,https://irishfamilysurnames.com/wp-content/uploads/2021/04/quinn-B-H.jpg
powers,https://irishfamilysurnames.com/product/powers/,https://irishfamilysurnames.com/wp-content/uploads/2021/04/powers-B-H.jpg
ocallaghan,https://irishfamilysurnames.com/product/ocallaghan/,https://irishfamilysurnames.com/wp-content/uploads/2021/04/o-callaghan-B-H.jpg
oconnell,https://irishfamilysurnames.com/product/oconnell/,https://irishfamilysurnames.com/wp-content/uploads/2021/04/o-connell-B-H.jpg
oconnor,https://irishfamilysurnames.com/product/oconnor/,https://irishfamilysurnames.com/wp-content/uploads/2021/04/o-connor-B-H.jpg
odaugherty,https://irishfamilysurnames.com/product/odaugherty/,https://irishfamilysurnames.com/wp-content/uploads/2021/04/o-daugherty-B-H.jpg
odonnell,https://irishfamilysurnames.com/product/odonnell/,https://irishfamilysurnames.com/wp-content/uploads/2021/04/o-donnell-B-H.jpg
odonoghoe,https://irishfamilysurnames.com/product/odonoghoe/,https://irishfamilysurnames.com/wp-content/uploads/2021/04/o-donoghoe-B-H.jpg
odonoghue,https://irishfamilysurnames.com/product/odonoghue/,https://irishfamilysurnames.com/wp-content/uploads/2021/04/o-donoghue-B-H.jpg
odriscoll,https://irishfamilysurnames.com/product/odriscoll/,https://irishfamilysurnames.com/wp-content/uploads/2021/04/o-driscoll-B-H.jpg
odwyer,https://irishfamilysurnames.com/product/odwyer/,https://irishfamilysurnames.com/wp-content/uploads/2021/04/o-dwyer-B-H.jpg
ofarrell,https://irishfamilysurnames.com/product/ofarrell/,https://irishfamilysurnames.com/wp-content/uploads/2021/04/o-farrell-B-H.jpg
oflaherty,https://irishfamilysurnames.com/product/oflaherty/,https://irishfamilysurnames.com/wp-content/uploads/2021/04/o-flaherty-B-H.jpg
oflanagan,https://irishfamilysurnames.com/product/oflanagan/,https://irishfamilysurnames.com/wp-content/uploads/2021/04/o-flanagan-B-H.jpg
oflynn,https://irishfamilysurnames.com/product/oflynn/,https://irishfamilysurnames.com/wp-content/uploads/2021/04/o-flynn-B-H.jpg
ogorman,https://irishfamilysurnames.com/product/ogorman/,https://irishfamilysurnames.com/wp-content/uploads/2021/04/o-gorman-B-H.jpg
ogrady,https://irishfamilysurnames.com/product/ogrady/,https://irishfamilysurnames.com/wp-content/uploads/2021/04/o-grady-B-H.jpg
ohalloran,https://irishfamilysurnames.com/product/ohalloran/,https://irishfamilysurnames.com/wp-content/uploads/2021/04/o-halloran-B-H.jpg
ohara,https://irishfamilysurnames.com/product/ohara/,https://irishfamilysurnames.com/wp-content/uploads/2021/04/o-hara-B-H.jpg
ohart,https://irishfamilysurnames.com/product/ohart/,https://irishfamilysurnames.com/wp-content/uploads/2021/04/o-hart-B-H.jpg
ohiggins,https://irishfamilysurnames.com/product/ohiggins/,https://irishfamilysurnames.com/wp-content/uploads/2021/04/o-higgins-B-H.jpg
okeefe,https://irishfamilysurnames.com/product/okeefe/,https://irishfamilysurnames.com/wp-content/uploads/2021/04/o-keefe-B-H.jpg
okeeffe,https://irishfamilysurnames.com/product/okeeffe/,https://irishfamilysurnames.com/wp-content/uploads/2021/04/o-keeffe-B-H.jpg
okelly,https://irishfamilysurnames.com/product/okelly/,https://irishfamilysurnames.com/wp-content/uploads/2021/04/o-kelly-B-H.jpg
olaughlin,https://irishfamilysurnames.com/product/olaughlin/,https://irishfamilysurnames.com/wp-content/uploads/2021/04/o-laughlin-B-H.jpg
oleary,https://irishfamilysurnames.com/product/oleary/,https://irishfamilysurnames.com/wp-content/uploads/2021/04/o-leary-B-H.jpg
oloughlin,https://irishfamilysurnames.com/product/oloughlin/,https://irishfamilysurnames.com/wp-content/uploads/2021/04/o-loughlin-B-H.jpg
omahoney,https://irishfamilysurnames.com/product/omahoney/,https://irishfamilysurnames.com/wp-content/uploads/2021/04/o-mahoney-B-H.jpg
omahony,https://irishfamilysurnames.com/product/omahony/,https://irishfamilysurnames.com/wp-content/uploads/2021/04/o-mahony-B-H.jpg
omalley,https://irishfamilysurnames.com/product/omalley/,https://irishfamilysurnames.com/wp-content/uploads/2021/04/o-malley-B-H.jpg
omara,https://irishfamilysurnames.com/product/omara/,https://irishfamilysurnames.com/wp-content/uploads/2021/04/o-mara-B-H.jpg
omeara,https://irishfamilysurnames.com/product/omeara/,https://irishfamilysurnames.com/wp-content/uploads/2021/04/o-meara-B-H.jpg
oreagan,https://irishfamilysurnames.com/product/oreagan/,https://irishfamilysurnames.com/wp-content/uploads/2021/04/o-reagan-B-H.jpg
oreilly,https://irishfamilysurnames.com/product/oreilly/,https://irishfamilysurnames.com/wp-content/uploads/2021/04/o-reilly-B-H.jpg
orourke,https://irishfamilysurnames.com/product/orourke/,https://irishfamilysurnames.com/wp-content/uploads/2021/04/o-rourke-B-H.jpg
oshaughnessy,https://irishfamilysurnames.com/product/oshaughnessy/,https://irishfamilysurnames.com/wp-content/uploads/2021/04/o-shaughnessy-B-H.jpg
oshea,https://irishfamilysurnames.com/product/oshea/,https://irishfamilysurnames.com/wp-content/uploads/2021/04/o-shea-B-H.jpg
osullivan,https://irishfamilysurnames.com/product/osullivan/,https://irishfamilysurnames.com/wp-content/uploads/2021/04/o-sullivan-B-H.jpg
otoole,https://irishfamilysurnames.com/product/otoole/,https://irishfamilysurnames.com/wp-content/uploads/2021/04/o-toole-B-H.jpg
scott,https://irishfamilysurnames.com/product/scott/,https://irishfamilysurnames.com/wp-content/uploads/2021/04/scott-B-H.jpg
scully,https://irishfamilysurnames.com/product/scully/,https://irishfamilysurnames.com/wp-content/uploads/2021/04/scully-B-H.jpg
shanahan,https://irishfamilysurnames.com/product/shanahan/,https://irishfamilysurnames.com/wp-content/uploads/2021/04/shanahan-B-H.jpg
shannon,https://irishfamilysurnames.com/product/shannon/,https://irishfamilysurnames.com/wp-content/uploads/2021/04/shannon-B-H.jpg
shaughnessy,https://irishfamilysurnames.com/product/shaughnessy/,https://irishfamilysurnames.com/wp-content/uploads/2021/04/shaughnessy-B-H.jpg
shea,https://irishfamilysurnames.com/product/shea/,https://irishfamilysurnames.com/wp-content/uploads/2021/04/shea-B-H.jpg
sheehan,https://irishfamilysurnames.com/product/sheehan/,https://irishfamilysurnames.com/wp-content/uploads/2021/04/sheehan-B-H.jpg
sheehy,https://irishfamilysurnames.com/product/sheehy/,https://irishfamilysurnames.com/wp-content/uploads/2021/04/sheehy-B-H.jpg
slattery,https://irishfamilysurnames.com/product/slattery/,https://irishfamilysurnames.com/wp-content/uploads/2021/04/slattery-B-H.jpg
smith,https://irishfamilysurnames.com/product/smith/,https://irishfamilysurnames.com/wp-content/uploads/2021/04/smith-B-H.jpg
smyth,https://irishfamilysurnames.com/product/smyth/,https://irishfamilysurnames.com/wp-content/uploads/2021/04/smyth-B-H.jpg
stewart,https://irishfamilysurnames.com/product/stewart/,https://irishfamilysurnames.com/wp-content/uploads/2021/04/stewart-B-H.jpg
carr,https://irishfamilysurnames.com/product/carr/,https://irishfamilysurnames.com/wp-content/uploads/2021/04/carr-B-H.jpg
carroll,https://irishfamilysurnames.com/product/carroll/,https://irishfamilysurnames.com/wp-content/uploads/2021/04/carroll-B-H.jpg
carthy,https://irishfamilysurnames.com/product/carthy/,https://irishfamilysurnames.com/wp-content/uploads/2021/04/carthy-B-H.jpg
cary,https://irishfamilysurnames.com/product/cary/,https://irishfamilysurnames.com/wp-content/uploads/2021/04/cary-B-H.jpg
casey,https://irishfamilysurnames.com/product/casey/,https://irishfamilysurnames.com/wp-content/uploads/2021/04/casey-B-H.jpg
cassidy,https://irishfamilysurnames.com/product/cassidy/,https://irishfamilysurnames.com/wp-content/uploads/2021/04/cassidy-B-H.jpg
cavanagh,https://irishfamilysurnames.com/product/cavanagh/,https://irishfamilysurnames.com/wp-content/uploads/2021/04/cavanagh-B-H.jpg
cavanaugh,https://irishfamilysurnames.com/product/cavanaugh/,https://irishfamilysurnames.com/wp-content/uploads/2021/04/cavanaugh-B-H.jpg
clancy,https://irishfamilysurnames.com/product/clancy/,https://irishfamilysurnames.com/wp-content/uploads/2021/04/clancy-B-H.jpg
clark,https://irishfamilysurnames.com/product/clark/,https://irishfamilysurnames.com/wp-content/uploads/2021/04/clark-B-H.jpg
clarke,https://irishfamilysurnames.com/product/clarke/,https://irishfamilysurnames.com/wp-content/uploads/2021/04/clarke-B-H.jpg
cahill,https://irishfamilysurnames.com/product/cahill/,https://irishfamilysurnames.com/wp-content/uploads/2021/04/cahill-B-H.jpg
boland,https://irishfamilysurnames.com/product/boland/,https://irishfamilysurnames.com/wp-content/uploads/2021/04/boland-B-H.jpg
bolger,https://irishfamilysurnames.com/product/bolger/,https://irishfamilysurnames.com/wp-content/uploads/2021/04/bolger-B-H.jpg
boylan,https://irishfamilysurnames.com/product/boylan/,https://irishfamilysurnames.com/wp-content/uploads/2021/04/boylan-B-H.jpg
boyle,https://irishfamilysurnames.com/product/boyle/,https://irishfamilysurnames.com/wp-content/uploads/2021/04/boyle-B-H.jpg
leary,https://irishfamilysurnames.com/product/leary/,https://irishfamilysurnames.com/wp-content/uploads/2021/04/leary-B-H-1.jpg
cleary,https://irishfamilysurnames.com/product/cleary/,https://irishfamilysurnames.com/wp-content/uploads/2021/04/cleary-B-H.jpg
clery,https://irishfamilysurnames.com/product/clery/,https://irishfamilysurnames.com/wp-content/uploads/2021/04/clery-B-H.jpg
coffey,https://irishfamilysurnames.com/product/coffey/,https://irishfamilysurnames.com/wp-content/uploads/2021/04/coffey-B-H.jpg
coleman,https://irishfamilysurnames.com/product/coleman/,https://irishfamilysurnames.com/wp-content/uploads/2021/04/coleman-B-H.jpg
collins,https://irishfamilysurnames.com/product/collins/,https://irishfamilysurnames.com/wp-content/uploads/2021/04/collins-B-H.jpg
condon,https://irishfamilysurnames.com/product/condon/,https://irishfamilysurnames.com/wp-content/uploads/2021/04/condon-B-H.jpg
conlan,https://irishfamilysurnames.com/product/conlan/,https://irishfamilysurnames.com/wp-content/uploads/2021/04/conlan-B-H.jpg
connell,https://irishfamilysurnames.com/product/connell/,https://irishfamilysurnames.com/wp-content/uploads/2021/04/connell-B-H.jpg
connolly,https://irishfamilysurnames.com/product/connolly/,https://irishfamilysurnames.com/wp-content/uploads/2021/04/connolly-B-H.jpg
connor,https://irishfamilysurnames.com/product/connor/,https://irishfamilysurnames.com/wp-content/uploads/2021/04/connor-B-H.jpg
conroy,https://irishfamilysurnames.com/product/conroy/,https://irishfamilysurnames.com/wp-content/uploads/2021/04/conroy-B-H.jpg
conway,https://irishfamilysurnames.com/product/conway/,https://irishfamilysurnames.com/wp-content/uploads/2021/04/conway-B-H.jpg
cooney,https://irishfamilysurnames.com/product/cooney/,https://irishfamilysurnames.com/wp-content/uploads/2021/04/cooney-B-H.jpg
corcoran,https://irishfamilysurnames.com/product/corcoran/,https://irishfamilysurnames.com/wp-content/uploads/2021/04/corcoran-B-H.jpg
mcdermot,https://irishfamilysurnames.com/product/mcdermot/,https://irishfamilysurnames.com/wp-content/uploads/2021/04/mcdermot-B-H.jpg
sheridan,https://irishfamilysurnames.com/product/sheridan/,https://irishfamilysurnames.com/wp-content/uploads/2021/04/SHERIDAN-B-H-1.jpg
ohanlon,https://irishfamilysurnames.com/product/ohanlon/,https://irishfamilysurnames.com/wp-content/uploads/2021/04/ohanlon-B-H.jpg
oneal,https://irishfamilysurnames.com/product/oneal/,https://irishfamilysurnames.com/wp-content/uploads/2021/04/o-neal-B-H.jpg
oneill,https://irishfamilysurnames.com/product/oneill/,https://irishfamilysurnames.com/wp-content/uploads/2021/04/o-neill-B-H.jpg
oregan,https://irishfamilysurnames.com/product/oregan/,https://irishfamilysurnames.com/wp-content/uploads/2021/04/o-regan-B-H.jpg
cosgrave,https://irishfamilysurnames.com/product/cosgrave/,https://irishfamilysurnames.com/wp-content/uploads/2021/04/cosgrave-B-H.jpg
cosgrove,https://irishfamilysurnames.com/product/cosgrove/,https://irishfamilysurnames.com/wp-content/uploads/2021/04/cosgrove-B-H.jpg
costello,https://irishfamilysurnames.com/product/costello/,https://irishfamilysurnames.com/wp-content/uploads/2021/04/costello-B-H.jpg
coughlin,https://irishfamilysurnames.com/product/coughlin/,https://irishfamilysurnames.com/wp-content/uploads/2021/04/coughlin-B-H.jpg
coyle,https://irishfamilysurnames.com/product/coyle/,https://irishfamilysurnames.com/wp-content/uploads/2021/04/coyle-B-H.jpg
coyne,https://irishfamilysurnames.com/product/coyne/,https://irishfamilysurnames.com/wp-content/uploads/2021/04/coyne-B-H.jpg
cremin,https://irishfamilysurnames.com/product/cremin/,https://irishfamilysurnames.com/wp-content/uploads/2021/04/cremin-B-H.jpg
crowe,https://irishfamilysurnames.com/product/crowe/,https://irishfamilysurnames.com/wp-content/uploads/2021/04/crowe-B-H.jpg
cullen,https://irishfamilysurnames.com/product/cullen/,https://irishfamilysurnames.com/wp-content/uploads/2021/04/cullen-B-H.jpg
cummins,https://irishfamilysurnames.com/product/cummins/,https://irishfamilysurnames.com/wp-content/uploads/2021/04/cummins-B-H.jpg
cunningham,https://irishfamilysurnames.com/product/cunningham/,https://irishfamilysurnames.com/wp-content/uploads/2021/04/cunningham-B-H.jpg
curran,https://irishfamilysurnames.com/product/curran/,https://irishfamilysurnames.com/wp-content/uploads/2021/04/curran-B-H.jpg
curtin,https://irishfamilysurnames.com/product/curtin/,https://irishfamilysurnames.com/wp-content/uploads/2021/04/curtin-B-H.jpg
cusack,https://irishfamilysurnames.com/product/cusack/,https://irishfamilysurnames.com/wp-content/uploads/2021/04/cusack-B-H.jpg
taylor,https://irishfamilysurnames.com/product/taylor/,https://irishfamilysurnames.com/wp-content/uploads/2021/04/d-arcy-B-H.jpg
taylor-2,https://irishfamilysurnames.com/product/taylor-2/,https://irishfamilysurnames.com/wp-content/uploads/2021/04/taylor-B-H.jpg
thompson,https://irishfamilysurnames.com/product/thompson/,https://irishfamilysurnames.com/wp-content/uploads/2021/04/thompson-B-H.jpg
tierney,https://irishfamilysurnames.com/product/tierney/,https://irishfamilysurnames.com/wp-content/uploads/2021/04/tierney-B-H.jpg
tracy,https://irishfamilysurnames.com/product/tracy/,https://irishfamilysurnames.com/wp-content/uploads/2021/04/tracy-B-H.jpg
treacy,https://irishfamilysurnames.com/product/treacy/,https://irishfamilysurnames.com/wp-content/uploads/2021/04/treacy-B-H.jpg
wall,https://irishfamilysurnames.com/product/wall/,https://irishfamilysurnames.com/wp-content/uploads/2021/04/wall-B-H.jpg
walsh,https://irishfamilysurnames.com/product/walsh/,https://irishfamilysurnames.com/wp-content/uploads/2021/04/walsh-B-H.jpg
walshe,https://irishfamilysurnames.com/product/walshe/,https://irishfamilysurnames.com/wp-content/uploads/2021/04/walshe-B-H.jpg
ward,https://irishfamilysurnames.com/product/ward/,https://irishfamilysurnames.com/wp-content/uploads/2021/04/ward-B-H.jpg
welsh,https://irishfamilysurnames.com/product/welsh/,https://irishfamilysurnames.com/wp-content/uploads/2021/04/welsh-B-H.jpg
whalen,https://irishfamilysurnames.com/product/whalen/,https://irishfamilysurnames.com/wp-content/uploads/2021/04/whalen-B-H.jpg
whelan,https://irishfamilysurnames.com/product/whelan/,https://irishfamilysurnames.com/wp-content/uploads/2021/04/whelan-B-H.jpg
odonovan-2,https://irishfamilysurnames.com/product/odonovan-2/,https://irishfamilysurnames.com/wp-content/uploads/2021/04/odonovan-B-H.jpg
davis,https://irishfamilysurnames.com/product/davis/,https://irishfamilysurnames.com/wp-content/uploads/2021/04/davis-B-H.jpg
delaney,https://irishfamilysurnames.com/product/delaney/,https://irishfamilysurnames.com/wp-content/uploads/2021/04/delaney-B-H.jpg
dempsey,https://irishfamilysurnames.com/product/dempsey/,https://irishfamilysurnames.com/wp-content/uploads/2021/04/dempsey-B-H.jpg
donnell,https://irishfamilysurnames.com/product/donnell/,https://irishfamilysurnames.com/wp-content/uploads/2021/04/donnell-B-H.jpg
donoghoe,https://irishfamilysurnames.com/product/donoghoe/,https://irishfamilysurnames.com/wp-content/uploads/2021/04/donoghoe-B-H.jpg
donohoe,https://irishfamilysurnames.com/product/donohoe/,https://irishfamilysurnames.com/wp-content/uploads/2021/04/donohoe-B-H.jpg
donovan,https://irishfamilysurnames.com/product/donovan/,https://irishfamilysurnames.com/wp-content/uploads/2021/04/donovan-B-H.jpg
dooley,https://irishfamilysurnames.com/product/dooley/,https://irishfamilysurnames.com/wp-content/uploads/2021/04/dooley-B-H.jpg
walker,https://irishfamilysurnames.com/product/walker/,https://irishfamilysurnames.com/wp-content/uploads/2021/04/walker-B-H.jpg
doran,https://irishfamilysurnames.com/product/doran/,https://irishfamilysurnames.com/wp-content/uploads/2021/04/doran-B-H.jpg
darcy,https://irishfamilysurnames.com/product/darcy/,https://irishfamilysurnames.com/wp-content/uploads/2021/04/darcy-B-H-7.jpg
donnelan,https://irishfamilysurnames.com/product/donnelan/,https://irishfamilysurnames.com/wp-content/uploads/2021/04/donnelan-B-H.jpg
donlon,https://irishfamilysurnames.com/product/donlon/,https://irishfamilysurnames.com/wp-content/uploads/2021/04/donlon-B-H.jpg
dolan,https://irishfamilysurnames.com/product/dolan/,https://irishfamilysurnames.com/wp-content/uploads/2021/04/dolan-B-H.jpg
devlin,https://irishfamilysurnames.com/product/devlin/,https://irishfamilysurnames.com/wp-content/uploads/2021/04/devlin-B-H.jpg
devine,https://irishfamilysurnames.com/product/devine/,https://irishfamilysurnames.com/wp-content/uploads/2021/04/devine-B-H.jpg
daly,https://irishfamilysurnames.com/product/daly/,https://irishfamilysurnames.com/wp-content/uploads/2021/04/daly-B-H.jpg
dowling,https://irishfamilysurnames.com/product/dowling/,https://irishfamilysurnames.com/wp-content/uploads/2021/04/dowling-B-H.jpg
downey,https://irishfamilysurnames.com/product/downey/,https://irishfamilysurnames.com/wp-content/uploads/2021/04/downey-B-H.jpg
doyle,https://irishfamilysurnames.com/product/doyle/,https://irishfamilysurnames.com/wp-content/uploads/2021/04/doyle-B-H.jpg
driscoll,https://irishfamilysurnames.com/product/driscoll/,https://irishfamilysurnames.com/wp-content/uploads/2021/04/driscoll-B-H.jpg
duffy,https://irishfamilysurnames.com/product/duffy/,https://irishfamilysurnames.com/wp-content/uploads/2021/04/duffy-B-H.jpg
dugan,https://irishfamilysurnames.com/product/dugan/,https://irishfamilysurnames.com/wp-content/uploads/2021/04/dugan-B-H.jpg
duggan,https://irishfamilysurnames.com/product/duggan/,https://irishfamilysurnames.com/wp-content/uploads/2021/04/duggan-B-H.jpg
dunn,https://irishfamilysurnames.com/product/dunn/,https://irishfamilysurnames.com/wp-content/uploads/2021/04/dunn-B-H.jpg
dunne,https://irishfamilysurnames.com/product/dunne/,https://irishfamilysurnames.com/wp-content/uploads/2021/04/dunne-B-H.jpg
dwyer,https://irishfamilysurnames.com/product/dwyer/,https://irishfamilysurnames.com/wp-content/uploads/2021/04/dwyer-B-H.jpg
egan,https://irishfamilysurnames.com/product/egan/,https://irishfamilysurnames.com/wp-content/uploads/2021/04/egan-B-H.jpg
fagan,https://irishfamilysurnames.com/product/fagan/,https://irishfamilysurnames.com/wp-content/uploads/2021/04/fagan-B-H.jpg
fahy,https://irishfamilysurnames.com/product/fahy/,https://irishfamilysurnames.com/wp-content/uploads/2021/04/fahy-B-H.jpg
fallon,https://irishfamilysurnames.com/product/fallon/,https://irishfamilysurnames.com/wp-content/uploads/2021/04/fallon-B-H.jpg
farley,https://irishfamilysurnames.com/product/farley/,https://irishfamilysurnames.com/wp-content/uploads/2021/04/farley-B-H.jpg
farrell,https://irishfamilysurnames.com/product/farrell/,https://irishfamilysurnames.com/wp-content/uploads/2021/04/farrell-B-H.jpg
farrelly,https://irishfamilysurnames.com/product/farrelly/,https://irishfamilysurnames.com/wp-content/uploads/2021/04/farrelly-B-H.jpg
finn,https://irishfamilysurnames.com/product/finn/,https://irishfamilysurnames.com/wp-content/uploads/2021/04/finn-B-H.jpg
finnegan,https://irishfamilysurnames.com/product/finnegan/,https://irishfamilysurnames.com/wp-content/uploads/2021/04/finnegan-B-H.jpg
fitzgerald,https://irishfamilysurnames.com/product/fitzgerald/,https://irishfamilysurnames.com/wp-content/uploads/2021/04/fitzgerald-B-H.jpg
fitzgibbon,https://irishfamilysurnames.com/product/fitzgibbon/,https://irishfamilysurnames.com/wp-content/uploads/2021/04/fitzgibbon-B-H.jpg
fitzpatrick,https://irishfamilysurnames.com/product/fitzpatrick/,https://irishfamilysurnames.com/wp-content/uploads/2021/04/fitzpatrick-B-H.jpg
flaherty,https://irishfamilysurnames.com/product/flaherty/,https://irishfamilysurnames.com/wp-content/uploads/2021/04/flaherty-B-H.jpg
flanagan,https://irishfamilysurnames.com/product/flanagan/,https://irishfamilysurnames.com/wp-content/uploads/2021/04/flanagan-B-H.jpg
fleming,https://irishfamilysurnames.com/product/fleming/,https://irishfamilysurnames.com/wp-content/uploads/2021/04/fleming-B-H.jpg
flood,https://irishfamilysurnames.com/product/flood/,https://irishfamilysurnames.com/wp-content/uploads/2021/04/flood-B-H.jpg
flynn,https://irishfamilysurnames.com/product/flynn/,https://irishfamilysurnames.com/wp-content/uploads/2021/04/flynn-B-H.jpg
fox,https://irishfamilysurnames.com/product/fox/,https://irishfamilysurnames.com/wp-content/uploads/2021/04/fox-B-H.jpg
french,https://irishfamilysurnames.com/product/french/,https://irishfamilysurnames.com/wp-content/uploads/2021/04/french-B-H.jpg
furlong,https://irishfamilysurnames.com/product/furlong/,https://irishfamilysurnames.com/wp-content/uploads/2021/04/furlong-B-H.jpg
gaffney,https://irishfamilysurnames.com/product/gaffney/,https://irishfamilysurnames.com/wp-content/uploads/2021/04/gaffney-B-H.jpg
gallagher,https://irishfamilysurnames.com/product/gallagher/,https://irishfamilysurnames.com/wp-content/uploads/2021/04/gallagher-B-H.jpg
galvin,https://irishfamilysurnames.com/product/galvin/,https://irishfamilysurnames.com/wp-content/uploads/2021/04/galvin-B-H.jpg
geraghty,https://irishfamilysurnames.com/product/geraghty/,https://irishfamilysurnames.com/wp-content/uploads/2021/04/geraghty-B-H.jpg
gibbons,https://irishfamilysurnames.com/product/gibbons/,https://irishfamilysurnames.com/wp-content/uploads/2021/04/gibbons-B-H.jpg
gleason,https://irishfamilysurnames.com/product/gleason/,https://irishfamilysurnames.com/wp-content/uploads/2021/04/gleason-B-H.jpg
gorman,https://irishfamilysurnames.com/product/gorman/,https://irishfamilysurnames.com/wp-content/uploads/2021/04/gorman-B-H.jpg
graham,https://irishfamilysurnames.com/product/graham/,https://irishfamilysurnames.com/wp-content/uploads/2021/04/graham-B-H.jpg
green,https://irishfamilysurnames.com/product/green/,https://irishfamilysurnames.com/wp-content/uploads/2021/04/green-B-H.jpg
greene,https://irishfamilysurnames.com/product/greene/,https://irishfamilysurnames.com/wp-content/uploads/2021/04/greene-B-H.jpg
griffin,https://irishfamilysurnames.com/product/griffin/,https://irishfamilysurnames.com/wp-content/uploads/2021/04/griffin-B-H.jpg
griffith,https://irishfamilysurnames.com/product/griffith/,https://irishfamilysurnames.com/wp-content/uploads/2021/04/griffith-B-H.jpg
guinness,https://irishfamilysurnames.com/product/guinness/,https://irishfamilysurnames.com/wp-content/uploads/2021/04/guinness-B-H.jpg
dougherty,https://irishfamilysurnames.com/product/dougherty/,https://irishfamilysurnames.com/wp-content/uploads/2021/04/dougherty-B-H.jpg
evans,https://irishfamilysurnames.com/product/evans/,https://irishfamilysurnames.com/wp-content/uploads/2021/04/evans-B-H-1.jpg
grady,https://irishfamilysurnames.com/product/grady/,https://irishfamilysurnames.com/wp-content/uploads/2021/04/grady-B-H.jpg
fitzsimons,https://irishfamilysurnames.com/product/fitzsimons/,https://irishfamilysurnames.com/wp-content/uploads/2021/04/fitzsimons-B-H.jpg
hegarty,https://irishfamilysurnames.com/product/hegarty/,https://irishfamilysurnames.com/wp-content/uploads/2021/04/hegarty-B-H.jpg
mcdermott,https://irishfamilysurnames.com/product/mcdermott/,https://irishfamilysurnames.com/wp-content/uploads/2021/04/mcdermott-B-H.jpg
ocarroll,https://irishfamilysurnames.com/product/ocarroll/,https://irishfamilysurnames.com/wp-content/uploads/2021/04/o-carroll-B-H.jpg
bell,https://irishfamilysurnames.com/product/bell/,https://irishfamilysurnames.com/wp-content/uploads/2021/04/bell-B-H.jpg
bourke,https://irishfamilysurnames.com/product/bourke/,https://irishfamilysurnames.com/wp-content/uploads/2021/04/bourke-B-H.jpg
bradley,https://irishfamilysurnames.com/product/bradley/,https://irishfamilysurnames.com/wp-content/uploads/2021/04/bradley-B-H.jpg
odougherty,https://irishfamilysurnames.com/product/odougherty/,https://irishfamilysurnames.com/wp-content/uploads/2021/04/o-dougherty-B-H.jpg
corrigan,https://irishfamilysurnames.com/product/corrigan/,https://irishfamilysurnames.com/wp-content/uploads/2021/04/corrigan-B-H.jpg
callahan,https://irishfamilysurnames.com/product/callahan/,https://irishfamilysurnames.com/wp-content/uploads/2021/04/callahan-B-H-1.jpg
ohagan,https://irishfamilysurnames.com/product/ohagan/,https://irishfamilysurnames.com/wp-content/uploads/2021/04/o-hagan-B-H.jpg
coughlan,https://irishfamilysurnames.com/product/coughlan/,https://irishfamilysurnames.com/wp-content/uploads/2021/04/coughlan-B-H.jpg
cronin,https://irishfamilysurnames.com/product/cronin/,https://irishfamilysurnames.com/wp-content/uploads/2021/04/cronin-B-H.jpg
crowley,https://irishfamilysurnames.com/product/crowley/,https://irishfamilysurnames.com/wp-content/uploads/2021/04/crowley-B-H.jpg
phelan,https://irishfamilysurnames.com/product/phelan/,https://irishfamilysurnames.com/wp-content/uploads/2021/04/phelan-B-H.jpg
daley,https://irishfamilysurnames.com/product/daley/,https://irishfamilysurnames.com/wp-content/uploads/2021/04/daley-B-H.jpg
donoghue,https://irishfamilysurnames.com/product/donoghue/,https://irishfamilysurnames.com/wp-content/uploads/2021/04/donoghue-B-H.jpg
donnelly,https://irishfamilysurnames.com/product/donnelly/,https://irishfamilysurnames.com/wp-content/uploads/2021/04/donnelly-B-H.jpg
doherty,https://irishfamilysurnames.com/product/doherty/,https://irishfamilysurnames.com/wp-content/uploads/2021/04/doherty-B-H.jpg
dillon,https://irishfamilysurnames.com/product/dillon/,https://irishfamilysurnames.com/wp-content/uploads/2021/04/dillon-B-H.jpg
daugherty,https://irishfamilysurnames.com/product/daugherty/,https://irishfamilysurnames.com/wp-content/uploads/2021/04/daugherty-B-H.jpg
dalton,https://irishfamilysurnames.com/product/dalton/,https://irishfamilysurnames.com/wp-content/uploads/2021/04/dalton-B-H.jpg
gleeson,https://irishfamilysurnames.com/product/gleeson/,https://irishfamilysurnames.com/wp-content/uploads/2021/04/gleeson-B-H.jpg
geoghegan,https://irishfamilysurnames.com/product/geoghegan/,https://irishfamilysurnames.com/wp-content/uploads/2021/04/geoghegan-B-H.jpg
foley,https://irishfamilysurnames.com/product/foley/,https://irishfamilysurnames.com/wp-content/uploads/2021/04/foley-B-H.jpg
fogarty,https://irishfamilysurnames.com/product/fogarty/,https://irishfamilysurnames.com/wp-content/uploads/2021/04/fogarty-B-H.jpg
cotter,https://irishfamilysurnames.com/product/cotter/,https://irishfamilysurnames.com/wp-content/uploads/2021/04/cotter-B-H.jpg
kavanagh,https://irishfamilysurnames.com/product/kavanagh/,https://irishfamilysurnames.com/wp-content/uploads/2021/04/kavanagh-B-H.jpg
hagan,https://irishfamilysurnames.com/product/hagan/,https://irishfamilysurnames.com/wp-content/uploads/2021/04/hagan-B-H.jpg
harris,https://irishfamilysurnames.com/product/harris/,https://irishfamilysurnames.com/wp-content/uploads/2021/04/harris-B-H.jpg
hill,https://irishfamilysurnames.com/product/hill/,https://irishfamilysurnames.com/wp-content/uploads/2021/04/harris-B-H-1.jpg
hyland,https://irishfamilysurnames.com/product/hyland/,https://irishfamilysurnames.com/wp-content/uploads/2021/04/hyland-B-H.jpg
jackson,https://irishfamilysurnames.com/product/jackson/,https://irishfamilysurnames.com/wp-content/uploads/2021/04/jackson-B-H.jpg
johnston,https://irishfamilysurnames.com/product/johnston/,https://irishfamilysurnames.com/wp-content/uploads/2021/04/johnston-B-H.jpg
jones,https://irishfamilysurnames.com/product/jones/,https://irishfamilysurnames.com/wp-content/uploads/2021/04/jones-B-H.jpg
joyce,https://irishfamilysurnames.com/product/joyce/,https://irishfamilysurnames.com/wp-content/uploads/2021/04/joyce-B-H-1.jpg
kane,https://irishfamilysurnames.com/product/kane/,https://irishfamilysurnames.com/wp-content/uploads/2021/04/kane-B-H.jpg
keane,https://irishfamilysurnames.com/product/keane/,https://irishfamilysurnames.com/wp-content/uploads/2021/04/keane-B-H.jpg
leahy,https://irishfamilysurnames.com/product/leahy/,https://irishfamilysurnames.com/wp-content/uploads/2021/04/leahy-B-H-1.jpg
kiernan,https://irishfamilysurnames.com/product/kiernan/,https://irishfamilysurnames.com/wp-content/uploads/2021/04/kiernan-B-H.jpg
lynch,https://irishfamilysurnames.com/product/lynch/,https://irishfamilysurnames.com/wp-content/uploads/2021/04/lynch-B-H-1.jpg
malone,https://irishfamilysurnames.com/product/malone/,https://irishfamilysurnames.com/wp-content/uploads/2021/04/malone-B-H.jpg
meara,https://irishfamilysurnames.com/product/meara/,https://irishfamilysurnames.com/wp-content/uploads/2021/04/meara-B-H.jpg
meehan,https://irishfamilysurnames.com/product/meehan/,https://irishfamilysurnames.com/wp-content/uploads/2021/04/meehan-B-H.jpg
molloy,https://irishfamilysurnames.com/product/molloy/,https://irishfamilysurnames.com/wp-content/uploads/2021/04/molloy-B-H.jpg
moloney,https://irishfamilysurnames.com/product/moloney/,https://irishfamilysurnames.com/wp-content/uploads/2021/04/moloney-B-H.jpg
monahan,https://irishfamilysurnames.com/product/monahan/,https://irishfamilysurnames.com/wp-content/uploads/2021/04/monahan-B-H.jpg
mullen,https://irishfamilysurnames.com/product/mullen/,https://irishfamilysurnames.com/wp-content/uploads/2021/04/mullen-B-H.jpg
mcauley,https://irishfamilysurnames.com/product/mcauley/,https://irishfamilysurnames.com/wp-content/uploads/2021/04/mcauley-B-H.jpg
mccann,https://irishfamilysurnames.com/product/mccann/,https://irishfamilysurnames.com/wp-content/uploads/2021/04/mccann-BH.jpg
oboyle,https://irishfamilysurnames.com/product/oboyle/,https://irishfamilysurnames.com/wp-content/uploads/2021/04/o-boyle-B-H.jpg
odoherty,https://irishfamilysurnames.com/product/odoherty/,https://irishfamilysurnames.com/wp-content/uploads/2021/04/o-doherty-B-H.jpg
odonohoe,https://irishfamilysurnames.com/product/odonohoe/,https://irishfamilysurnames.com/wp-content/uploads/2021/04/odonohoe-B-H.jpg
oduffy,https://irishfamilysurnames.com/product/oduffy/,https://irishfamilysurnames.com/wp-content/uploads/2021/04/o-duffy-B-H.jpg
oriordan,https://irishfamilysurnames.com/product/oriordan/,https://irishfamilysurnames.com/wp-content/uploads/2021/04/o-riordan-B-H.jpg
reid,https://irishfamilysurnames.com/product/reid/,https://irishfamilysurnames.com/wp-content/uploads/2021/04/reid-B-H.jpg
reilly,https://irishfamilysurnames.com/product/reilly/,https://irishfamilysurnames.com/wp-content/uploads/2021/04/reilly-B-H.jpg
riordan,https://irishfamilysurnames.com/product/riordan/,https://irishfamilysurnames.com/wp-content/uploads/2021/04/riordan-B-H.jpg
roach,https://irishfamilysurnames.com/product/roach/,https://irishfamilysurnames.com/wp-content/uploads/2021/04/roach-B-H.jpg
stapleton,https://irishfamilysurnames.com/product/stapleton/,https://irishfamilysurnames.com/wp-content/uploads/2021/04/stapleton-B-H.jpg
sullivan,https://irishfamilysurnames.com/product/sullivan/,https://irishfamilysurnames.com/wp-content/uploads/2021/04/sullivan-B-H.jpg
sweeney,https://irishfamilysurnames.com/product/sweeney/,https://irishfamilysurnames.com/wp-content/uploads/2021/04/sweeney-B-H.jpg
tobin,https://irishfamilysurnames.com/product/tobin/,https://irishfamilysurnames.com/wp-content/uploads/2021/04/tobin-B-H.jpg
toole,https://irishfamilysurnames.com/product/toole/,https://irishfamilysurnames.com/wp-content/uploads/2021/04/toole-B-H.jpg
white,https://irishfamilysurnames.com/product/white/,https://irishfamilysurnames.com/wp-content/uploads/2021/04/white-B-H.jpg
williams,https://irishfamilysurnames.com/product/williams/,https://irishfamilysurnames.com/wp-content/uploads/2021/04/williams-B-H.jpg
wilson,https://irishfamilysurnames.com/product/wilson/,https://irishfamilysurnames.com/wp-content/uploads/2021/04/wilson-B-H.jpg
woods,https://irishfamilysurnames.com/product/woods/,https://irishfamilysurnames.com/wp-content/uploads/2021/04/woods-B-H.jpg
young,https://irishfamilysurnames.com/product/young/,https://irishfamilysurnames.com/wp-content/uploads/2021/04/young-B-H.jpg
