Surname,Slug,Product URL,Image Preview,Image URL
Ahern,ahern,https://irishfamilysurnames.com/product/ahern/,"=IMAGE(""https://irishfamilysurnames.com/wp-content/uploads/2021/04/ahern-B-H.jpg"")",https://irishfamilysurnames.com/wp-content/uploads/2021/04/ahern-B-H.jpg
Aherne,aherne,https://irishfamilysurnames.com/product/aherne/,"=IMAGE(""https://irishfamilysurnames.com/wp-content/uploads/2021/04/aherne-B-H.jpg"")",https://irishfamilysurnames.com/wp-content/uploads/2021/04/aherne-B-H.jpg
Allen,allen,https://irishfamilysurnames.com/product/allen/,"=IMAGE(""https://irishfamilysurnames.com/wp-content/uploads/2021/04/allen-B-H.jpg"")",https://irishfamilysurnames.com/wp-content/uploads/2021/04/allen-B-H.jpg
Barrett,barrett,https://irishfamilysurnames.com/product/barrett/,"=IMAGE(""https://irishfamilysurnames.com/wp-content/uploads/2021/04/barrett-B-H.jpg"")",https://irishfamilysurnames.com/wp-content/uploads/2021/04/barrett-B-H.jpg
Barry,barry,https://irishfamilysurnames.com/product/barry/,"=IMAGE(""https://irishfamilysurnames.com/wp-content/uploads/2021/04/barry-B-H.jpg"")",https://irishfamilysurnames.com/wp-content/uploads/2021/04/barry-B-H.jpg
Behan,behan,https://irishfamilysurnames.com/product/behan/,"=IMAGE(""https://irishfamilysurnames.com/wp-content/uploads/2021/04/behan-B-H.jpg"")",https://irishfamilysurnames.com/wp-content/uploads/2021/04/behan-B-H.jpg
Bell,bell,https://irishfamilysurnames.com/product/bell/,"=IMAGE(""https://irishfamilysurnames.com/wp-content/uploads/2021/04/bell-B-H.jpg"")",https://irishfamilysurnames.com/wp-content/uploads/2021/04/bell-B-H.jpg
Blake,blake,https://irishfamilysurnames.com/product/blake/,"=IMAGE(""https://irishfamilysurnames.com/wp-content/uploads/2021/04/blake-B-H.jpg"")",https://irishfamilysurnames.com/wp-content/uploads/2021/04/blake-B-H.jpg
Boland,boland,https://irishfamilysurnames.com/product/boland/,"=IMAGE(""https://irishfamilysurnames.com/wp-content/uploads/2021/04/boland-B-H.jpg"")",https://irishfamilysurnames.com/wp-content/uploads/2021/04/boland-B-H.jpg
Bolger,bolger,https://irishfamilysurnames.com/product/bolger/,"=IMAGE(""https://irishfamilysurnames.com/wp-content/uploads/2021/04/bolger-B-H.jpg"")",https://irishfamilysurnames.com/wp-content/uploads/2021/04/bolger-B-H.jpg
Bourke,bourke,https://irishfamilysurnames.com/product/bourke/,"=IMAGE(""https://irishfamilysurnames.com/wp-content/uploads/2021/04/bourke-B-H.jpg"")",https://irishfamilysurnames.com/wp-content/uploads/2021/04/bourke-B-H.jpg
Boylan,boylan,https://irishfamilysurnames.com/product/boylan/,"=IMAGE(""https://irishfamilysurnames.com/wp-content/uploads/2021/04/boylan-B-H.jpg"")",https://irishfamilysurnames.com/wp-content/uploads/2021/04/boylan-B-H.jpg
Boyle,boyle,https://irishfamilysurnames.com/product/boyle/,"=IMAGE(""https://irishfamilysurnames.com/wp-content/uploads/2021/04/boyle-B-H.jpg"")",https://irishfamilysurnames.com/wp-content/uploads/2021/04/boyle-B-H.jpg
Bradley,bradley,https://irishfamilysurnames.com/product/bradley/,"=IMAGE(""https://irishfamilysurnames.com/wp-content/uploads/2021/04/bradley-B-H.jpg"")",https://irishfamilysurnames.com/wp-content/uploads/2021/04/bradley-B-H.jpg
Brady,brady,https://irishfamilysurnames.com/product/brady/,"=IMAGE(""https://irishfamilysurnames.com/wp-content/uploads/2021/04/brady-B-H.jpg"")",https://irishfamilysurnames.com/wp-content/uploads/2021/04/brady-B-H.jpg
Brennan,brennan,https://irishfamilysurnames.com/product/brennan/,"=IMAGE(""https://irishfamilysurnames.com/wp-content/uploads/2021/04/brennan-B-H.jpg"")",https://irishfamilysurnames.com/wp-content/uploads/2021/04/brennan-B-H.jpg
Brien,brien,https://irishfamilysurnames.com/product/brien/,"=IMAGE(""https://irishfamilysurnames.com/wp-content/uploads/2021/04/brien-B-H.jpg"")",https://irishfamilysurnames.com/wp-content/uploads/2021/04/brien-B-H.jpg
Brophy,brophy,https://irishfamilysurnames.com/product/brophy/,"=IMAGE(""https://irishfamilysurnames.com/wp-content/uploads/2021/04/brophy-B-H.jpg"")",https://irishfamilysurnames.com/wp-content/uploads/2021/04/brophy-B-H.jpg
Brown,brown,https://irishfamilysurnames.com/product/brown/,"=IMAGE(""https://irishfamilysurnames.com/wp-content/uploads/2021/04/brown-B-H.jpg"")",https://irishfamilysurnames.com/wp-content/uploads/2021/04/brown-B-H.jpg
Browne,browne,https://irishfamilysurnames.com/product/browne/,"=IMAGE(""https://irishfamilysurnames.com/wp-content/uploads/2021/04/browne-B-H.jpg"")",https://irishfamilysurnames.com/wp-content/uploads/2021/04/browne-B-H.jpg
Buckley,buckley,https://irishfamilysurnames.com/product/buckley/,"=IMAGE(""https://irishfamilysurnames.com/wp-content/uploads/2021/04/buckley-B-H.jpg"")",https://irishfamilysurnames.com/wp-content/uploads/2021/04/buckley-B-H.jpg
Burk,burk,https://irishfamilysurnames.com/product/burk/,"=IMAGE(""https://irishfamilysurnames.com/wp-content/uploads/2021/04/burk-B-H.jpg"")",https://irishfamilysurnames.com/wp-content/uploads/2021/04/burk-B-H.jpg
Burke,burke,https://irishfamilysurnames.com/product/burke/,"=IMAGE(""https://irishfamilysurnames.com/wp-content/uploads/2021/04/burke-B-H.jpg"")",https://irishfamilysurnames.com/wp-content/uploads/2021/04/burke-B-H.jpg
Burns,burns,https://irishfamilysurnames.com/product/burns/,"=IMAGE(""https://irishfamilysurnames.com/wp-content/uploads/2021/04/burns-B-H.jpg"")",https://irishfamilysurnames.com/wp-content/uploads/2021/04/burns-B-H.jpg
Butler,butler,https://irishfamilysurnames.com/product/butler/,"=IMAGE(""https://irishfamilysurnames.com/wp-content/uploads/2021/04/butler-B-H.jpg"")",https://irishfamilysurnames.com/wp-content/uploads/2021/04/butler-B-H.jpg
Byrne,byrne,https://irishfamilysurnames.com/product/byrne/,"=IMAGE(""https://irishfamilysurnames.com/wp-content/uploads/2021/04/byrne-B-H.jpg"")",https://irishfamilysurnames.com/wp-content/uploads/2021/04/byrne-B-H.jpg
Cahill,cahill,https://irishfamilysurnames.com/product/cahill/,"=IMAGE(""https://irishfamilysurnames.com/wp-content/uploads/2021/04/cahill-B-H.jpg"")",https://irishfamilysurnames.com/wp-content/uploads/2021/04/cahill-B-H.jpg
Callaghan,callaghan,https://irishfamilysurnames.com/product/callaghan/,"=IMAGE(""https://irishfamilysurnames.com/wp-content/uploads/2021/04/callaghan-B-H.jpg"")",https://irishfamilysurnames.com/wp-content/uploads/2021/04/callaghan-B-H.jpg
Callahan,callahan,https://irishfamilysurnames.com/product/callahan/,"=IMAGE(""https://irishfamilysurnames.com/wp-content/uploads/2021/04/callahan-B-H-1.jpg"")",https://irishfamilysurnames.com/wp-content/uploads/2021/04/callahan-B-H-1.jpg
Campbell,campbell,https://irishfamilysurnames.com/product/campbell/,"=IMAGE(""https://irishfamilysurnames.com/wp-content/uploads/2021/04/campbell-B-H.jpg"")",https://irishfamilysurnames.com/wp-content/uploads/2021/04/campbell-B-H.jpg
Carey,carey,https://irishfamilysurnames.com/product/carey/,"=IMAGE(""https://irishfamilysurnames.com/wp-content/uploads/2021/04/carey-B-H.jpg"")",https://irishfamilysurnames.com/wp-content/uploads/2021/04/carey-B-H.jpg
Carney,carney,https://irishfamilysurnames.com/product/carney/,"=IMAGE(""https://irishfamilysurnames.com/wp-content/uploads/2021/04/carney-B-H.jpg"")",https://irishfamilysurnames.com/wp-content/uploads/2021/04/carney-B-H.jpg
Carr,carr,https://irishfamilysurnames.com/product/carr/,"=IMAGE(""https://irishfamilysurnames.com/wp-content/uploads/2021/04/carr-B-H.jpg"")",https://irishfamilysurnames.com/wp-content/uploads/2021/04/carr-B-H.jpg
Carroll,carroll,https://irishfamilysurnames.com/product/carroll/,"=IMAGE(""https://irishfamilysurnames.com/wp-content/uploads/2021/04/carroll-B-H.jpg"")",https://irishfamilysurnames.com/wp-content/uploads/2021/04/carroll-B-H.jpg
Carthy,carthy,https://irishfamilysurnames.com/product/carthy/,"=IMAGE(""https://irishfamilysurnames.com/wp-content/uploads/2021/04/carthy-B-H.jpg"")",https://irishfamilysurnames.com/wp-content/uploads/2021/04/carthy-B-H.jpg
Cary,cary,https://irishfamilysurnames.com/product/cary/,"=IMAGE(""https://irishfamilysurnames.com/wp-content/uploads/2021/04/cary-B-H.jpg"")",https://irishfamilysurnames.com/wp-content/uploads/2021/04/cary-B-H.jpg
Casey,casey,https://irishfamilysurnames.com/product/casey/,"=IMAGE(""https://irishfamilysurnames.com/wp-content/uploads/2021/04/casey-B-H.jpg"")",https://irishfamilysurnames.com/wp-content/uploads/2021/04/casey-B-H.jpg
Cassidy,cassidy,https://irishfamilysurnames.com/product/cassidy/,"=IMAGE(""https://irishfamilysurnames.com/wp-content/uploads/2021/04/cassidy-B-H.jpg"")",https://irishfamilysurnames.com/wp-content/uploads/2021/04/cassidy-B-H.jpg
Cavanagh,cavanagh,https://irishfamilysurnames.com/product/cavanagh/,"=IMAGE(""https://irishfamilysurnames.com/wp-content/uploads/2021/04/cavanagh-B-H.jpg"")",https://irishfamilysurnames.com/wp-content/uploads/2021/04/cavanagh-B-H.jpg
Cavanaugh,cavanaugh,https://irishfamilysurnames.com/product/cavanaugh/,"=IMAGE(""https://irishfamilysurnames.com/wp-content/uploads/2021/04/cavanaugh-B-H.jpg"")",https://irishfamilysurnames.com/wp-content/uploads/2021/04/cavanaugh-B-H.jpg
Clancy,clancy,https://irishfamilysurnames.com/product/clancy/,"=IMAGE(""https://irishfamilysurnames.com/wp-content/uploads/2021/04/clancy-B-H.jpg"")",https://irishfamilysurnames.com/wp-content/uploads/2021/04/clancy-B-H.jpg
Clark,clark,https://irishfamilysurnames.com/product/clark/,"=IMAGE(""https://irishfamilysurnames.com/wp-content/uploads/2021/04/clark-B-H.jpg"")",https://irishfamilysurnames.com/wp-content/uploads/2021/04/clark-B-H.jpg
Clarke,clarke,https://irishfamilysurnames.com/product/clarke/,"=IMAGE(""https://irishfamilysurnames.com/wp-content/uploads/2021/04/clarke-B-H.jpg"")",https://irishfamilysurnames.com/wp-content/uploads/2021/04/clarke-B-H.jpg
Cleary,cleary,https://irishfamilysurnames.com/product/cleary/,"=IMAGE(""https://irishfamilysurnames.com/wp-content/uploads/2021/04/cleary-B-H.jpg"")",https://irishfamilysurnames.com/wp-content/uploads/2021/04/cleary-B-H.jpg
Clery,clery,https://irishfamilysurnames.com/product/clery/,"=IMAGE(""https://irishfamilysurnames.com/wp-content/uploads/2021/04/clery-B-H.jpg"")",https://irishfamilysurnames.com/wp-content/uploads/2021/04/clery-B-H.jpg
Coffey,coffey,https://irishfamilysurnames.com/product/coffey/,"=IMAGE(""https://irishfamilysurnames.com/wp-content/uploads/2021/04/coffey-B-H.jpg"")",https://irishfamilysurnames.com/wp-content/uploads/2021/04/coffey-B-H.jpg
Coleman,coleman,https://irishfamilysurnames.com/product/coleman/,"=IMAGE(""https://irishfamilysurnames.com/wp-content/uploads/2021/04/coleman-B-H.jpg"")",https://irishfamilysurnames.com/wp-content/uploads/2021/04/coleman-B-H.jpg
Collins,collins,https://irishfamilysurnames.com/product/collins/,"=IMAGE(""https://irishfamilysurnames.com/wp-content/uploads/2021/04/collins-B-H.jpg"")",https://irishfamilysurnames.com/wp-content/uploads/2021/04/collins-B-H.jpg
Condon,condon,https://irishfamilysurnames.com/product/condon/,"=IMAGE(""https://irishfamilysurnames.com/wp-content/uploads/2021/04/condon-B-H.jpg"")",https://irishfamilysurnames.com/wp-content/uploads/2021/04/condon-B-H.jpg
Conlan,conlan,https://irishfamilysurnames.com/product/conlan/,"=IMAGE(""https://irishfamilysurnames.com/wp-content/uploads/2021/04/conlan-B-H.jpg"")",https://irishfamilysurnames.com/wp-content/uploads/2021/04/conlan-B-H.jpg
Connell,connell,https://irishfamilysurnames.com/product/connell/,"=IMAGE(""https://irishfamilysurnames.com/wp-content/uploads/2021/04/connell-B-H.jpg"")",https://irishfamilysurnames.com/wp-content/uploads/2021/04/connell-B-H.jpg
Connolly,connolly,https://irishfamilysurnames.com/product/connolly/,"=IMAGE(""https://irishfamilysurnames.com/wp-content/uploads/2021/04/connolly-B-H.jpg"")",https://irishfamilysurnames.com/wp-content/uploads/2021/04/connolly-B-H.jpg
Connor,connor,https://irishfamilysurnames.com/product/connor/,"=IMAGE(""https://irishfamilysurnames.com/wp-content/uploads/2021/04/connor-B-H.jpg"")",https://irishfamilysurnames.com/wp-content/uploads/2021/04/connor-B-H.jpg
Conroy,conroy,https://irishfamilysurnames.com/product/conroy/,"=IMAGE(""https://irishfamilysurnames.com/wp-content/uploads/2021/04/conroy-B-H.jpg"")",https://irishfamilysurnames.com/wp-content/uploads/2021/04/conroy-B-H.jpg
Conway,conway,https://irishfamilysurnames.com/product/conway/,"=IMAGE(""https://irishfamilysurnames.com/wp-content/uploads/2021/04/conway-B-H.jpg"")",https://irishfamilysurnames.com/wp-content/uploads/2021/04/conway-B-H.jpg
Cooney,cooney,https://irishfamilysurnames.com/product/cooney/,"=IMAGE(""https://irishfamilysurnames.com/wp-content/uploads/2021/04/cooney-B-H.jpg"")",https://irishfamilysurnames.com/wp-content/uploads/2021/04/cooney-B-H.jpg
Corcoran,corcoran,https://irishfamilysurnames.com/product/corcoran/,"=IMAGE(""https://irishfamilysurnames.com/wp-content/uploads/2021/04/corcoran-B-H.jpg"")",https://irishfamilysurnames.com/wp-content/uploads/2021/04/corcoran-B-H.jpg
Corrigan,corrigan,https://irishfamilysurnames.com/product/corrigan/,"=IMAGE(""https://irishfamilysurnames.com/wp-content/uploads/2021/04/corrigan-B-H.jpg"")",https://irishfamilysurnames.com/wp-content/uploads/2021/04/corrigan-B-H.jpg
Cosgrave,cosgrave,https://irishfamilysurnames.com/product/cosgrave/,"=IMAGE(""https://irishfamilysurnames.com/wp-content/uploads/2021/04/cosgrave-B-H.jpg"")",https://irishfamilysurnames.com/wp-content/uploads/2021/04/cosgrave-B-H.jpg
Cosgrove,cosgrove,https://irishfamilysurnames.com/product/cosgrove/,"=IMAGE(""https://irishfamilysurnames.com/wp-content/uploads/2021/04/cosgrove-B-H.jpg"")",https://irishfamilysurnames.com/wp-content/uploads/2021/04/cosgrove-B-H.jpg
Costello,costello,https://irishfamilysurnames.com/product/costello/,"=IMAGE(""https://irishfamilysurnames.com/wp-content/uploads/2021/04/costello-B-H.jpg"")",https://irishfamilysurnames.com/wp-content/uploads/2021/04/costello-B-H.jpg
Cotter,cotter,https://irishfamilysurnames.com/product/cotter/,"=IMAGE(""https://irishfamilysurnames.com/wp-content/uploads/2021/04/cotter-B-H.jpg"")",https://irishfamilysurnames.com/wp-content/uploads/2021/04/cotter-B-H.jpg
Coughlan,coughlan,https://irishfamilysurnames.com/product/coughlan/,"=IMAGE(""https://irishfamilysurnames.com/wp-content/uploads/2021/04/coughlan-B-H.jpg"")",https://irishfamilysurnames.com/wp-content/uploads/2021/04/coughlan-B-H.jpg
Coughlin,coughlin,https://irishfamilysurnames.com/product/coughlin/,"=IMAGE(""https://irishfamilysurnames.com/wp-content/uploads/2021/04/coughlin-B-H.jpg"")",https://irishfamilysurnames.com/wp-content/uploads/2021/04/coughlin-B-H.jpg
Coyle,coyle,https://irishfamilysurnames.com/product/coyle/,"=IMAGE(""https://irishfamilysurnames.com/wp-content/uploads/2021/04/coyle-B-H.jpg"")",https://irishfamilysurnames.com/wp-content/uploads/2021/04/coyle-B-H.jpg
Coyne,coyne,https://irishfamilysurnames.com/product/coyne/,"=IMAGE(""https://irishfamilysurnames.com/wp-content/uploads/2021/04/coyne-B-H.jpg"")",https://irishfamilysurnames.com/wp-content/uploads/2021/04/coyne-B-H.jpg
Cremin,cremin,https://irishfamilysurnames.com/product/cremin/,"=IMAGE(""https://irishfamilysurnames.com/wp-content/uploads/2021/04/cremin-B-H.jpg"")",https://irishfamilysurnames.com/wp-content/uploads/2021/04/cremin-B-H.jpg
Cronin,cronin,https://irishfamilysurnames.com/product/cronin/,"=IMAGE(""https://irishfamilysurnames.com/wp-content/uploads/2021/04/cronin-B-H.jpg"")",https://irishfamilysurnames.com/wp-content/uploads/2021/04/cronin-B-H.jpg
Crowe,crowe,https://irishfamilysurnames.com/product/crowe/,"=IMAGE(""https://irishfamilysurnames.com/wp-content/uploads/2021/04/crowe-B-H.jpg"")",https://irishfamilysurnames.com/wp-content/uploads/2021/04/crowe-B-H.jpg
Crowley,crowley,https://irishfamilysurnames.com/product/crowley/,"=IMAGE(""https://irishfamilysurnames.com/wp-content/uploads/2021/04/crowley-B-H.jpg"")",https://irishfamilysurnames.com/wp-content/uploads/2021/04/crowley-B-H.jpg
Cullen,cullen,https://irishfamilysurnames.com/product/cullen/,"=IMAGE(""https://irishfamilysurnames.com/wp-content/uploads/2021/04/cullen-B-H.jpg"")",https://irishfamilysurnames.com/wp-content/uploads/2021/04/cullen-B-H.jpg
Cummins,cummins,https://irishfamilysurnames.com/product/cummins/,"=IMAGE(""https://irishfamilysurnames.com/wp-content/uploads/2021/04/cummins-B-H.jpg"")",https://irishfamilysurnames.com/wp-content/uploads/2021/04/cummins-B-H.jpg
Cunningham,cunningham,https://irishfamilysurnames.com/product/cunningham/,"=IMAGE(""https://irishfamilysurnames.com/wp-content/uploads/2021/04/cunningham-B-H.jpg"")",https://irishfamilysurnames.com/wp-content/uploads/2021/04/cunningham-B-H.jpg
Curran,curran,https://irishfamilysurnames.com/product/curran/,"=IMAGE(""https://irishfamilysurnames.com/wp-content/uploads/2021/04/curran-B-H.jpg"")",https://irishfamilysurnames.com/wp-content/uploads/2021/04/curran-B-H.jpg
Curtin,curtin,https://irishfamilysurnames.com/product/curtin/,"=IMAGE(""https://irishfamilysurnames.com/wp-content/uploads/2021/04/curtin-B-H.jpg"")",https://irishfamilysurnames.com/wp-content/uploads/2021/04/curtin-B-H.jpg
Cusack,cusack,https://irishfamilysurnames.com/product/cusack/,"=IMAGE(""https://irishfamilysurnames.com/wp-content/uploads/2021/04/cusack-B-H.jpg"")",https://irishfamilysurnames.com/wp-content/uploads/2021/04/cusack-B-H.jpg
Daley,daley,https://irishfamilysurnames.com/product/daley/,"=IMAGE(""https://irishfamilysurnames.com/wp-content/uploads/2021/04/daley-B-H.jpg"")",https://irishfamilysurnames.com/wp-content/uploads/2021/04/daley-B-H.jpg
Dalton,dalton,https://irishfamilysurnames.com/product/dalton/,"=IMAGE(""https://irishfamilysurnames.com/wp-content/uploads/2021/04/dalton-B-H.jpg"")",https://irishfamilysurnames.com/wp-content/uploads/2021/04/dalton-B-H.jpg
Daly,daly,https://irishfamilysurnames.com/product/daly/,"=IMAGE(""https://irishfamilysurnames.com/wp-content/uploads/2021/04/daly-B-H.jpg"")",https://irishfamilysurnames.com/wp-content/uploads/2021/04/daly-B-H.jpg
Darcy,darcy,https://irishfamilysurnames.com/product/darcy/,"=IMAGE(""https://irishfamilysurnames.com/wp-content/uploads/2021/04/darcy-B-H-7.jpg"")",https://irishfamilysurnames.com/wp-content/uploads/2021/04/darcy-B-H-7.jpg
Daugherty,daugherty,https://irishfamilysurnames.com/product/daugherty/,"=IMAGE(""https://irishfamilysurnames.com/wp-content/uploads/2021/04/daugherty-B-H.jpg"")",https://irishfamilysurnames.com/wp-content/uploads/2021/04/daugherty-B-H.jpg
Davis,davis,https://irishfamilysurnames.com/product/davis/,"=IMAGE(""https://irishfamilysurnames.com/wp-content/uploads/2021/04/davis-B-H.jpg"")",https://irishfamilysurnames.com/wp-content/uploads/2021/04/davis-B-H.jpg
Delaney,delaney,https://irishfamilysurnames.com/product/delaney/,"=IMAGE(""https://irishfamilysurnames.com/wp-content/uploads/2021/04/delaney-B-H.jpg"")",https://irishfamilysurnames.com/wp-content/uploads/2021/04/delaney-B-H.jpg
Dempsey,dempsey,https://irishfamilysurnames.com/product/dempsey/,"=IMAGE(""https://irishfamilysurnames.com/wp-content/uploads/2021/04/dempsey-B-H.jpg"")",https://irishfamilysurnames.com/wp-content/uploads/2021/04/dempsey-B-H.jpg
Devine,devine,https://irishfamilysurnames.com/product/devine/,"=IMAGE(""https://irishfamilysurnames.com/wp-content/uploads/2021/04/devine-B-H.jpg"")",https://irishfamilysurnames.com/wp-content/uploads/2021/04/devine-B-H.jpg
Devlin,devlin,https://irishfamilysurnames.com/product/devlin/,"=IMAGE(""https://irishfamilysurnames.com/wp-content/uploads/2021/04/devlin-B-H.jpg"")",https://irishfamilysurnames.com/wp-content/uploads/2021/04/devlin-B-H.jpg
Dillon,dillon,https://irishfamilysurnames.com/product/dillon/,"=IMAGE(""https://irishfamilysurnames.com/wp-content/uploads/2021/04/dillon-B-H.jpg"")",https://irishfamilysurnames.com/wp-content/uploads/2021/04/dillon-B-H.jpg
Doherty,doherty,https://irishfamilysurnames.com/product/doherty/,"=IMAGE(""https://irishfamilysurnames.com/wp-content/uploads/2021/04/doherty-B-H.jpg"")",https://irishfamilysurnames.com/wp-content/uploads/2021/04/doherty-B-H.jpg
Dolan,dolan,https://irishfamilysurnames.com/product/dolan/,"=IMAGE(""https://irishfamilysurnames.com/wp-content/uploads/2021/04/dolan-B-H.jpg"")",https://irishfamilysurnames.com/wp-content/uploads/2021/04/dolan-B-H.jpg
Donlon,donlon,https://irishfamilysurnames.com/product/donlon/,"=IMAGE(""https://irishfamilysurnames.com/wp-content/uploads/2021/04/donlon-B-H.jpg"")",https://irishfamilysurnames.com/wp-content/uploads/2021/04/donlon-B-H.jpg
Donnelan,donnelan,https://irishfamilysurnames.com/product/donnelan/,"=IMAGE(""https://irishfamilysurnames.com/wp-content/uploads/2021/04/donnelan-B-H.jpg"")",https://irishfamilysurnames.com/wp-content/uploads/2021/04/donnelan-B-H.jpg
Donnell,donnell,https://irishfamilysurnames.com/product/donnell/,"=IMAGE(""https://irishfamilysurnames.com/wp-content/uploads/2021/04/donnell-B-H.jpg"")",https://irishfamilysurnames.com/wp-content/uploads/2021/04/donnell-B-H.jpg
Donnelly,donnelly,https://irishfamilysurnames.com/product/donnelly/,"=IMAGE(""https://irishfamilysurnames.com/wp-content/uploads/2021/04/donnelly-B-H.jpg"")",https://irishfamilysurnames.com/wp-content/uploads/2021/04/donnelly-B-H.jpg
Donoghoe,donoghoe,https://irishfamilysurnames.com/product/donoghoe/,"=IMAGE(""https://irishfamilysurnames.com/wp-content/uploads/2021/04/donoghoe-B-H.jpg"")",https://irishfamilysurnames.com/wp-content/uploads/2021/04/donoghoe-B-H.jpg
Donoghue,donoghue,https://irishfamilysurnames.com/product/donoghue/,"=IMAGE(""https://irishfamilysurnames.com/wp-content/uploads/2021/04/donoghue-B-H.jpg"")",https://irishfamilysurnames.com/wp-content/uploads/2021/04/donoghue-B-H.jpg
Donohoe,donohoe,https://irishfamilysurnames.com/product/donohoe/,"=IMAGE(""https://irishfamilysurnames.com/wp-content/uploads/2021/04/donohoe-B-H.jpg"")",https://irishfamilysurnames.com/wp-content/uploads/2021/04/donohoe-B-H.jpg
Donovan,donovan,https://irishfamilysurnames.com/product/donovan/,"=IMAGE(""https://irishfamilysurnames.com/wp-content/uploads/2021/04/donovan-B-H.jpg"")",https://irishfamilysurnames.com/wp-content/uploads/2021/04/donovan-B-H.jpg
Dooley,dooley,https://irishfamilysurnames.com/product/dooley/,"=IMAGE(""https://irishfamilysurnames.com/wp-content/uploads/2021/04/dooley-B-H.jpg"")",https://irishfamilysurnames.com/wp-content/uploads/2021/04/dooley-B-H.jpg
Doran,doran,https://irishfamilysurnames.com/product/doran/,"=IMAGE(""https://irishfamilysurnames.com/wp-content/uploads/2021/04/doran-B-H.jpg"")",https://irishfamilysurnames.com/wp-content/uploads/2021/04/doran-B-H.jpg
Dougherty,dougherty,https://irishfamilysurnames.com/product/dougherty/,"=IMAGE(""https://irishfamilysurnames.com/wp-content/uploads/2021/04/dougherty-B-H.jpg"")",https://irishfamilysurnames.com/wp-content/uploads/2021/04/dougherty-B-H.jpg
Dowling,dowling,https://irishfamilysurnames.com/product/dowling/,"=IMAGE(""https://irishfamilysurnames.com/wp-content/uploads/2021/04/dowling-B-H.jpg"")",https://irishfamilysurnames.com/wp-content/uploads/2021/04/dowling-B-H.jpg
Downey,downey,https://irishfamilysurnames.com/product/downey/,"=IMAGE(""https://irishfamilysurnames.com/wp-content/uploads/2021/04/downey-B-H.jpg"")",https://irishfamilysurnames.com/wp-content/uploads/2021/04/downey-B-H.jpg
Doyle,doyle,https://irishfamilysurnames.com/product/doyle/,"=IMAGE(""https://irishfamilysurnames.com/wp-content/uploads/2021/04/doyle-B-H.jpg"")",https://irishfamilysurnames.com/wp-content/uploads/2021/04/doyle-B-H.jpg
Driscoll,driscoll,https://irishfamilysurnames.com/product/driscoll/,"=IMAGE(""https://irishfamilysurnames.com/wp-content/uploads/2021/04/driscoll-B-H.jpg"")",https://irishfamilysurnames.com/wp-content/uploads/2021/04/driscoll-B-H.jpg
Duffy,duffy,https://irishfamilysurnames.com/product/duffy/,"=IMAGE(""https://irishfamilysurnames.com/wp-content/uploads/2021/04/duffy-B-H.jpg"")",https://irishfamilysurnames.com/wp-content/uploads/2021/04/duffy-B-H.jpg
Dugan,dugan,https://irishfamilysurnames.com/product/dugan/,"=IMAGE(""https://irishfamilysurnames.com/wp-content/uploads/2021/04/dugan-B-H.jpg"")",https://irishfamilysurnames.com/wp-content/uploads/2021/04/dugan-B-H.jpg
Duggan,duggan,https://irishfamilysurnames.com/product/duggan/,"=IMAGE(""https://irishfamilysurnames.com/wp-content/uploads/2021/04/duggan-B-H.jpg"")",https://irishfamilysurnames.com/wp-content/uploads/2021/04/duggan-B-H.jpg
Dunn,dunn,https://irishfamilysurnames.com/product/dunn/,"=IMAGE(""https://irishfamilysurnames.com/wp-content/uploads/2021/04/dunn-B-H.jpg"")",https://irishfamilysurnames.com/wp-content/uploads/2021/04/dunn-B-H.jpg
Dunne,dunne,https://irishfamilysurnames.com/product/dunne/,"=IMAGE(""https://irishfamilysurnames.com/wp-content/uploads/2021/04/dunne-B-H.jpg"")",https://irishfamilysurnames.com/wp-content/uploads/2021/04/dunne-B-H.jpg
Dwyer,dwyer,https://irishfamilysurnames.com/product/dwyer/,"=IMAGE(""https://irishfamilysurnames.com/wp-content/uploads/2021/04/dwyer-B-H.jpg"")",https://irishfamilysurnames.com/wp-content/uploads/2021/04/dwyer-B-H.jpg
Egan,egan,https://irishfamilysurnames.com/product/egan/,"=IMAGE(""https://irishfamilysurnames.com/wp-content/uploads/2021/04/egan-B-H.jpg"")",https://irishfamilysurnames.com/wp-content/uploads/2021/04/egan-B-H.jpg
Evans,evans,https://irishfamilysurnames.com/product/evans/,"=IMAGE(""https://irishfamilysurnames.com/wp-content/uploads/2021/04/evans-B-H-1.jpg"")",https://irishfamilysurnames.com/wp-content/uploads/2021/04/evans-B-H-1.jpg
Fagan,fagan,https://irishfamilysurnames.com/product/fagan/,"=IMAGE(""https://irishfamilysurnames.com/wp-content/uploads/2021/04/fagan-B-H.jpg"")",https://irishfamilysurnames.com/wp-content/uploads/2021/04/fagan-B-H.jpg
Fahy,fahy,https://irishfamilysurnames.com/product/fahy/,"=IMAGE(""https://irishfamilysurnames.com/wp-content/uploads/2021/04/fahy-B-H.jpg"")",https://irishfamilysurnames.com/wp-content/uploads/2021/04/fahy-B-H.jpg
Fallon,fallon,https://irishfamilysurnames.com/product/fallon/,"=IMAGE(""https://irishfamilysurnames.com/wp-content/uploads/2021/04/fallon-B-H.jpg"")",https://irishfamilysurnames.com/wp-content/uploads/2021/04/fallon-B-H.jpg
Farley,farley,https://irishfamilysurnames.com/product/farley/,"=IMAGE(""https://irishfamilysurnames.com/wp-content/uploads/2021/04/farley-B-H.jpg"")",https://irishfamilysurnames.com/wp-content/uploads/2021/04/farley-B-H.jpg
Farrell,farrell,https://irishfamilysurnames.com/product/farrell/,"=IMAGE(""https://irishfamilysurnames.com/wp-content/uploads/2021/04/farrell-B-H.jpg"")",https://irishfamilysurnames.com/wp-content/uploads/2021/04/farrell-B-H.jpg
Farrelly,farrelly,https://irishfamilysurnames.com/product/farrelly/,"=IMAGE(""https://irishfamilysurnames.com/wp-content/uploads/2021/04/farrelly-B-H.jpg"")",https://irishfamilysurnames.com/wp-content/uploads/2021/04/farrelly-B-H.jpg
Finn,finn,https://irishfamilysurnames.com/product/finn/,"=IMAGE(""https://irishfamilysurnames.com/wp-content/uploads/2021/04/finn-B-H.jpg"")",https://irishfamilysurnames.com/wp-content/uploads/2021/04/finn-B-H.jpg
Finnegan,finnegan,https://irishfamilysurnames.com/product/finnegan/,"=IMAGE(""https://irishfamilysurnames.com/wp-content/uploads/2021/04/finnegan-B-H.jpg"")",https://irishfamilysurnames.com/wp-content/uploads/2021/04/finnegan-B-H.jpg
Fitzgerald,fitzgerald,https://irishfamilysurnames.com/product/fitzgerald/,"=IMAGE(""https://irishfamilysurnames.com/wp-content/uploads/2021/04/fitzgerald-B-H.jpg"")",https://irishfamilysurnames.com/wp-content/uploads/2021/04/fitzgerald-B-H.jpg
Fitzgibbon,fitzgibbon,https://irishfamilysurnames.com/product/fitzgibbon/,"=IMAGE(""https://irishfamilysurnames.com/wp-content/uploads/2021/04/fitzgibbon-B-H.jpg"")",https://irishfamilysurnames.com/wp-content/uploads/2021/04/fitzgibbon-B-H.jpg
Fitzpatrick,fitzpatrick,https://irishfamilysurnames.com/product/fitzpatrick/,"=IMAGE(""https://irishfamilysurnames.com/wp-content/uploads/2021/04/fitzpatrick-B-H.jpg"")",https://irishfamilysurnames.com/wp-content/uploads/2021/04/fitzpatrick-B-H.jpg
Fitzsimons,fitzsimons,https://irishfamilysurnames.com/product/fitzsimons/,"=IMAGE(""https://irishfamilysurnames.com/wp-content/uploads/2021/04/fitzsimons-B-H.jpg"")",https://irishfamilysurnames.com/wp-content/uploads/2021/04/fitzsimons-B-H.jpg
Flaherty,flaherty,https://irishfamilysurnames.com/product/flaherty/,"=IMAGE(""https://irishfamilysurnames.com/wp-content/uploads/2021/04/flaherty-B-H.jpg"")",https://irishfamilysurnames.com/wp-content/uploads/2021/04/flaherty-B-H.jpg
Flanagan,flanagan,https://irishfamilysurnames.com/product/flanagan/,"=IMAGE(""https://irishfamilysurnames.com/wp-content/uploads/2021/04/flanagan-B-H.jpg"")",https://irishfamilysurnames.com/wp-content/uploads/2021/04/flanagan-B-H.jpg
Fleming,fleming,https://irishfamilysurnames.com/product/fleming/,"=IMAGE(""https://irishfamilysurnames.com/wp-content/uploads/2021/04/fleming-B-H.jpg"")",https://irishfamilysurnames.com/wp-content/uploads/2021/04/fleming-B-H.jpg
Flood,flood,https://irishfamilysurnames.com/product/flood/,"=IMAGE(""https://irishfamilysurnames.com/wp-content/uploads/2021/04/flood-B-H.jpg"")",https://irishfamilysurnames.com/wp-content/uploads/2021/04/flood-B-H.jpg
Flynn,flynn,https://irishfamilysurnames.com/product/flynn/,"=IMAGE(""https://irishfamilysurnames.com/wp-content/uploads/2021/04/flynn-B-H.jpg"")",https://irishfamilysurnames.com/wp-content/uploads/2021/04/flynn-B-H.jpg
Fogarty,fogarty,https://irishfamilysurnames.com/product/fogarty/,"=IMAGE(""https://irishfamilysurnames.com/wp-content/uploads/2021/04/fogarty-B-H.jpg"")",https://irishfamilysurnames.com/wp-content/uploads/2021/04/fogarty-B-H.jpg
Foley,foley,https://irishfamilysurnames.com/product/foley/,"=IMAGE(""https://irishfamilysurnames.com/wp-content/uploads/2021/04/foley-B-H.jpg"")",https://irishfamilysurnames.com/wp-content/uploads/2021/04/foley-B-H.jpg
Fox,fox,https://irishfamilysurnames.com/product/fox/,"=IMAGE(""https://irishfamilysurnames.com/wp-content/uploads/2021/04/fox-B-H.jpg"")",https://irishfamilysurnames.com/wp-content/uploads/2021/04/fox-B-H.jpg
French,french,https://irishfamilysurnames.com/product/french/,"=IMAGE(""https://irishfamilysurnames.com/wp-content/uploads/2021/04/french-B-H.jpg"")",https://irishfamilysurnames.com/wp-content/uploads/2021/04/french-B-H.jpg
Furlong,furlong,https://irishfamilysurnames.com/product/furlong/,"=IMAGE(""https://irishfamilysurnames.com/wp-content/uploads/2021/04/furlong-B-H.jpg"")",https://irishfamilysurnames.com/wp-content/uploads/2021/04/furlong-B-H.jpg
Gaffney,gaffney,https://irishfamilysurnames.com/product/gaffney/,"=IMAGE(""https://irishfamilysurnames.com/wp-content/uploads/2021/04/gaffney-B-H.jpg"")",https://irishfamilysurnames.com/wp-content/uploads/2021/04/gaffney-B-H.jpg
Gallagher,gallagher,https://irishfamilysurnames.com/product/gallagher/,"=IMAGE(""https://irishfamilysurnames.com/wp-content/uploads/2021/04/gallagher-B-H.jpg"")",https://irishfamilysurnames.com/wp-content/uploads/2021/04/gallagher-B-H.jpg
Galvin,galvin,https://irishfamilysurnames.com/product/galvin/,"=IMAGE(""https://irishfamilysurnames.com/wp-content/uploads/2021/04/galvin-B-H.jpg"")",https://irishfamilysurnames.com/wp-content/uploads/2021/04/galvin-B-H.jpg
Geoghegan,geoghegan,https://irishfamilysurnames.com/product/geoghegan/,"=IMAGE(""https://irishfamilysurnames.com/wp-content/uploads/2021/04/geoghegan-B-H.jpg"")",https://irishfamilysurnames.com/wp-content/uploads/2021/04/geoghegan-B-H.jpg
Geraghty,geraghty,https://irishfamilysurnames.com/product/geraghty/,"=IMAGE(""https://irishfamilysurnames.com/wp-content/uploads/2021/04/geraghty-B-H.jpg"")",https://irishfamilysurnames.com/wp-content/uploads/2021/04/geraghty-B-H.jpg
Gibbons,gibbons,https://irishfamilysurnames.com/product/gibbons/,"=IMAGE(""https://irishfamilysurnames.com/wp-content/uploads/2021/04/gibbons-B-H.jpg"")",https://irishfamilysurnames.com/wp-content/uploads/2021/04/gibbons-B-H.jpg
Gleason,gleason,https://irishfamilysurnames.com/product/gleason/,"=IMAGE(""https://irishfamilysurnames.com/wp-content/uploads/2021/04/gleason-B-H.jpg"")",https://irishfamilysurnames.com/wp-content/uploads/2021/04/gleason-B-H.jpg
Gleeson,gleeson,https://irishfamilysurnames.com/product/gleeson/,"=IMAGE(""https://irishfamilysurnames.com/wp-content/uploads/2021/04/gleeson-B-H.jpg"")",https://irishfamilysurnames.com/wp-content/uploads/2021/04/gleeson-B-H.jpg
Gorman,gorman,https://irishfamilysurnames.com/product/gorman/,"=IMAGE(""https://irishfamilysurnames.com/wp-content/uploads/2021/04/gorman-B-H.jpg"")",https://irishfamilysurnames.com/wp-content/uploads/2021/04/gorman-B-H.jpg
Grady,grady,https://irishfamilysurnames.com/product/grady/,"=IMAGE(""https://irishfamilysurnames.com/wp-content/uploads/2021/04/grady-B-H.jpg"")",https://irishfamilysurnames.com/wp-content/uploads/2021/04/grady-B-H.jpg
Graham,graham,https://irishfamilysurnames.com/product/graham/,"=IMAGE(""https://irishfamilysurnames.com/wp-content/uploads/2021/04/graham-B-H.jpg"")",https://irishfamilysurnames.com/wp-content/uploads/2021/04/graham-B-H.jpg
Green,green,https://irishfamilysurnames.com/product/green/,"=IMAGE(""https://irishfamilysurnames.com/wp-content/uploads/2021/04/green-B-H.jpg"")",https://irishfamilysurnames.com/wp-content/uploads/2021/04/green-B-H.jpg
Greene,greene,https://irishfamilysurnames.com/product/greene/,"=IMAGE(""https://irishfamilysurnames.com/wp-content/uploads/2021/04/greene-B-H.jpg"")",https://irishfamilysurnames.com/wp-content/uploads/2021/04/greene-B-H.jpg
Griffin,griffin,https://irishfamilysurnames.com/product/griffin/,"=IMAGE(""https://irishfamilysurnames.com/wp-content/uploads/2021/04/griffin-B-H.jpg"")",https://irishfamilysurnames.com/wp-content/uploads/2021/04/griffin-B-H.jpg
Griffith,griffith,https://irishfamilysurnames.com/product/griffith/,"=IMAGE(""https://irishfamilysurnames.com/wp-content/uploads/2021/04/griffith-B-H.jpg"")",https://irishfamilysurnames.com/wp-content/uploads/2021/04/griffith-B-H.jpg
Guinness,guinness,https://irishfamilysurnames.com/product/guinness/,"=IMAGE(""https://irishfamilysurnames.com/wp-content/uploads/2021/04/guinness-B-H.jpg"")",https://irishfamilysurnames.com/wp-content/uploads/2021/04/guinness-B-H.jpg
Hackett,hackett,https://irishfamilysurnames.com/product/hackett/,"=IMAGE(""https://irishfamilysurnames.com/wp-content/uploads/2021/04/hackett-B-H.jpg"")",https://irishfamilysurnames.com/wp-content/uploads/2021/04/hackett-B-H.jpg
Hagan,hagan,https://irishfamilysurnames.com/product/hagan/,"=IMAGE(""https://irishfamilysurnames.com/wp-content/uploads/2021/04/hagan-B-H.jpg"")",https://irishfamilysurnames.com/wp-content/uploads/2021/04/hagan-B-H.jpg
Hall,hall,https://irishfamilysurnames.com/product/hall/,"=IMAGE(""https://irishfamilysurnames.com/wp-content/uploads/2021/04/hall-B-H.jpg"")",https://irishfamilysurnames.com/wp-content/uploads/2021/04/hall-B-H.jpg
Halloran,halloran,https://irishfamilysurnames.com/product/halloran/,"=IMAGE(""https://irishfamilysurnames.com/wp-content/uploads/2021/04/halloran-B-H.jpg"")",https://irishfamilysurnames.com/wp-content/uploads/2021/04/halloran-B-H.jpg
Hanley,hanley,https://irishfamilysurnames.com/product/hanley/,"=IMAGE(""https://irishfamilysurnames.com/wp-content/uploads/2021/04/hanley-B-H.jpg"")",https://irishfamilysurnames.com/wp-content/uploads/2021/04/hanley-B-H.jpg
Hanlon,hanlon,https://irishfamilysurnames.com/product/hanlon/,"=IMAGE(""https://irishfamilysurnames.com/wp-content/uploads/2021/04/hanlon-B-H.jpg"")",https://irishfamilysurnames.com/wp-content/uploads/2021/04/hanlon-B-H.jpg
Hannon,hannon,https://irishfamilysurnames.com/product/hannon/,"=IMAGE(""https://irishfamilysurnames.com/wp-content/uploads/2021/04/hannon-B-H.jpg"")",https://irishfamilysurnames.com/wp-content/uploads/2021/04/hannon-B-H.jpg
Hara,hara,https://irishfamilysurnames.com/product/hara/,"=IMAGE(""https://irishfamilysurnames.com/wp-content/uploads/2021/04/hara-B-H.jpg"")",https://irishfamilysurnames.com/wp-content/uploads/2021/04/hara-B-H.jpg
Harrington,harrington,https://irishfamilysurnames.com/product/harrington/,"=IMAGE(""https://irishfamilysurnames.com/wp-content/uploads/2021/04/harrington-B-H.jpg"")",https://irishfamilysurnames.com/wp-content/uploads/2021/04/harrington-B-H.jpg
Harris,harris,https://irishfamilysurnames.com/product/harris/,"=IMAGE(""https://irishfamilysurnames.com/wp-content/uploads/2021/04/harris-B-H.jpg"")",https://irishfamilysurnames.com/wp-content/uploads/2021/04/harris-B-H.jpg
Harrison,harrison,https://irishfamilysurnames.com/product/harrison/,"=IMAGE(""https://irishfamilysurnames.com/wp-content/uploads/2021/04/harrison-B-H.jpg"")",https://irishfamilysurnames.com/wp-content/uploads/2021/04/harrison-B-H.jpg
Hart,hart,https://irishfamilysurnames.com/product/hart/,"=IMAGE(""https://irishfamilysurnames.com/wp-content/uploads/2021/04/hart-B-H.jpg"")",https://irishfamilysurnames.com/wp-content/uploads/2021/04/hart-B-H.jpg
Harte,harte,https://irishfamilysurnames.com/product/harte/,"=IMAGE(""https://irishfamilysurnames.com/wp-content/uploads/2021/04/harte-B-H.jpg"")",https://irishfamilysurnames.com/wp-content/uploads/2021/04/harte-B-H.jpg
Hayes,hayes,https://irishfamilysurnames.com/product/hayes/,"=IMAGE(""https://irishfamilysurnames.com/wp-content/uploads/2021/04/hayes-B-H.jpg"")",https://irishfamilysurnames.com/wp-content/uploads/2021/04/hayes-B-H.jpg
Healy,healy,https://irishfamilysurnames.com/product/healy/,"=IMAGE(""https://irishfamilysurnames.com/wp-content/uploads/2021/04/healy-B-H.jpg"")",https://irishfamilysurnames.com/wp-content/uploads/2021/04/healy-B-H.jpg
Heffernan,heffernan,https://irishfamilysurnames.com/product/heffernan/,"=IMAGE(""https://irishfamilysurnames.com/wp-content/uploads/2021/04/heffernan-B-H.jpg"")",https://irishfamilysurnames.com/wp-content/uploads/2021/04/heffernan-B-H.jpg
Hegarty,hegarty,https://irishfamilysurnames.com/product/hegarty/,"=IMAGE(""https://irishfamilysurnames.com/wp-content/uploads/2021/04/hegarty-B-H.jpg"")",https://irishfamilysurnames.com/wp-content/uploads/2021/04/hegarty-B-H.jpg
Hely,hely,https://irishfamilysurnames.com/product/hely/,"=IMAGE(""https://irishfamilysurnames.com/wp-content/uploads/2021/04/hely-B-H.jpg"")",https://irishfamilysurnames.com/wp-content/uploads/2021/04/hely-B-H.jpg
Hennessy,hennessy,https://irishfamilysurnames.com/product/hennessy/,"=IMAGE(""https://irishfamilysurnames.com/wp-content/uploads/2021/04/hennessy-B-H.jpg"")",https://irishfamilysurnames.com/wp-content/uploads/2021/04/hennessy-B-H.jpg
Hickey,hickey,https://irishfamilysurnames.com/product/hickey/,"=IMAGE(""https://irishfamilysurnames.com/wp-content/uploads/2021/04/hickey-B-H.jpg"")",https://irishfamilysurnames.com/wp-content/uploads/2021/04/hickey-B-H.jpg
Higgins,higgins,https://irishfamilysurnames.com/product/higgins/,"=IMAGE(""https://irishfamilysurnames.com/wp-content/uploads/2021/04/higgins-B-H.jpg"")",https://irishfamilysurnames.com/wp-content/uploads/2021/04/higgins-B-H.jpg
Hill,hill,https://irishfamilysurnames.com/product/hill/,"=IMAGE(""https://irishfamilysurnames.com/wp-content/uploads/2021/04/harris-B-H-1.jpg"")",https://irishfamilysurnames.com/wp-content/uploads/2021/04/harris-B-H-1.jpg
Hines,hines,https://irishfamilysurnames.com/product/hines/,"=IMAGE(""https://irishfamilysurnames.com/wp-content/uploads/2021/04/hines-B-H.jpg"")",https://irishfamilysurnames.com/wp-content/uploads/2021/04/hines-B-H.jpg
Hogan,hogan,https://irishfamilysurnames.com/product/hogan/,"=IMAGE(""https://irishfamilysurnames.com/wp-content/uploads/2021/04/hogan-B-H.jpg"")",https://irishfamilysurnames.com/wp-content/uploads/2021/04/hogan-B-H.jpg
Horan,horan,https://irishfamilysurnames.com/product/horan/,"=IMAGE(""https://irishfamilysurnames.com/wp-content/uploads/2021/04/horan-B-H.jpg"")",https://irishfamilysurnames.com/wp-content/uploads/2021/04/horan-B-H.jpg
Hughes,hughes,https://irishfamilysurnames.com/product/hughes/,"=IMAGE(""https://irishfamilysurnames.com/wp-content/uploads/2021/04/hughes-B-H.jpg"")",https://irishfamilysurnames.com/wp-content/uploads/2021/04/hughes-B-H.jpg
Hurley,hurley,https://irishfamilysurnames.com/product/hurley/,"=IMAGE(""https://irishfamilysurnames.com/wp-content/uploads/2021/04/hurley-B-H-1.jpg"")",https://irishfamilysurnames.com/wp-content/uploads/2021/04/hurley-B-H-1.jpg
Hyland,hyland,https://irishfamilysurnames.com/product/hyland/,"=IMAGE(""https://irishfamilysurnames.com/wp-content/uploads/2021/04/hyland-B-H.jpg"")",https://irishfamilysurnames.com/wp-content/uploads/2021/04/hyland-B-H.jpg
Hyland Copy,hyland-copy,https://irishfamilysurnames.com/product/hyland-copy/,"=IMAGE(""https://irishfamilysurnames.com/wp-content/uploads/2021/04/hynes-B-H.jpg"")",https://irishfamilysurnames.com/wp-content/uploads/2021/04/hynes-B-H.jpg
Jackson,jackson,https://irishfamilysurnames.com/product/jackson/,"=IMAGE(""https://irishfamilysurnames.com/wp-content/uploads/2021/04/jackson-B-H.jpg"")",https://irishfamilysurnames.com/wp-content/uploads/2021/04/jackson-B-H.jpg
Johnson,johnson,https://irishfamilysurnames.com/product/johnson/,"=IMAGE(""https://irishfamilysurnames.com/wp-content/uploads/2021/04/johnson-B-H.jpg"")",https://irishfamilysurnames.com/wp-content/uploads/2021/04/johnson-B-H.jpg
Johnston,johnston,https://irishfamilysurnames.com/product/johnston/,"=IMAGE(""https://irishfamilysurnames.com/wp-content/uploads/2021/04/johnston-B-H.jpg"")",https://irishfamilysurnames.com/wp-content/uploads/2021/04/johnston-B-H.jpg
Jones,jones,https://irishfamilysurnames.com/product/jones/,"=IMAGE(""https://irishfamilysurnames.com/wp-content/uploads/2021/04/jones-B-H.jpg"")",https://irishfamilysurnames.com/wp-content/uploads/2021/04/jones-B-H.jpg
Jordan,jordan,https://irishfamilysurnames.com/product/jordan/,"=IMAGE(""https://irishfamilysurnames.com/wp-content/uploads/2021/04/jordan-B-H.jpg"")",https://irishfamilysurnames.com/wp-content/uploads/2021/04/jordan-B-H.jpg
Joyce,joyce,https://irishfamilysurnames.com/product/joyce/,"=IMAGE(""https://irishfamilysurnames.com/wp-content/uploads/2021/04/joyce-B-H-1.jpg"")",https://irishfamilysurnames.com/wp-content/uploads/2021/04/joyce-B-H-1.jpg
Kane,kane,https://irishfamilysurnames.com/product/kane/,"=IMAGE(""https://irishfamilysurnames.com/wp-content/uploads/2021/04/kane-B-H.jpg"")",https://irishfamilysurnames.com/wp-content/uploads/2021/04/kane-B-H.jpg
Kavanagh,kavanagh,https://irishfamilysurnames.com/product/kavanagh/,"=IMAGE(""https://irishfamilysurnames.com/wp-content/uploads/2021/04/kavanagh-B-H.jpg"")",https://irishfamilysurnames.com/wp-content/uploads/2021/04/kavanagh-B-H.jpg
Keane,keane,https://irishfamilysurnames.com/product/keane/,"=IMAGE(""https://irishfamilysurnames.com/wp-content/uploads/2021/04/keane-B-H.jpg"")",https://irishfamilysurnames.com/wp-content/uploads/2021/04/keane-B-H.jpg
Kearney,kearney,https://irishfamilysurnames.com/product/kearney/,"=IMAGE(""https://irishfamilysurnames.com/wp-content/uploads/2021/04/kearney-B-H.jpg"")",https://irishfamilysurnames.com/wp-content/uploads/2021/04/kearney-B-H.jpg
Kearns,kearns,https://irishfamilysurnames.com/product/kearns/,"=IMAGE(""https://irishfamilysurnames.com/wp-content/uploads/2021/04/kearns-B-H.jpg"")",https://irishfamilysurnames.com/wp-content/uploads/2021/04/kearns-B-H.jpg
Keating,keating,https://irishfamilysurnames.com/product/keating/,"=IMAGE(""https://irishfamilysurnames.com/wp-content/uploads/2021/04/keating-B-H.jpg"")",https://irishfamilysurnames.com/wp-content/uploads/2021/04/keating-B-H.jpg
Keefe,keefe,https://irishfamilysurnames.com/product/keefe/,"=IMAGE(""https://irishfamilysurnames.com/wp-content/uploads/2021/04/keefe-B-H.jpg"")",https://irishfamilysurnames.com/wp-content/uploads/2021/04/keefe-B-H.jpg
Keeffe,keeffe,https://irishfamilysurnames.com/product/keeffe/,"=IMAGE(""https://irishfamilysurnames.com/wp-content/uploads/2021/04/keeffe-B-H.jpg"")",https://irishfamilysurnames.com/wp-content/uploads/2021/04/keeffe-B-H.jpg
Keegan,keegan,https://irishfamilysurnames.com/product/keegan/,"=IMAGE(""https://irishfamilysurnames.com/wp-content/uploads/2021/04/keegan-B-H.jpg"")",https://irishfamilysurnames.com/wp-content/uploads/2021/04/keegan-B-H.jpg
Keenan,keenan,https://irishfamilysurnames.com/product/keenan/,"=IMAGE(""https://irishfamilysurnames.com/wp-content/uploads/2021/04/keenan-B-H.jpg"")",https://irishfamilysurnames.com/wp-content/uploads/2021/04/keenan-B-H.jpg
Kehoe,kehoe,https://irishfamilysurnames.com/product/kehoe/,"=IMAGE(""https://irishfamilysurnames.com/wp-content/uploads/2021/04/kehoe-B-H.jpg"")",https://irishfamilysurnames.com/wp-content/uploads/2021/04/kehoe-B-H.jpg
Kelley,kelley,https://irishfamilysurnames.com/product/kelley/,"=IMAGE(""https://irishfamilysurnames.com/wp-content/uploads/2021/04/kelley-B-H.jpg"")",https://irishfamilysurnames.com/wp-content/uploads/2021/04/kelley-B-H.jpg
Kelly,kelly,https://irishfamilysurnames.com/product/kelly/,"=IMAGE(""https://irishfamilysurnames.com/wp-content/uploads/2021/04/kelly-B-H.jpg"")",https://irishfamilysurnames.com/wp-content/uploads/2021/04/kelly-B-H.jpg
Kennedy,kennedy,https://irishfamilysurnames.com/product/kennedy/,"=IMAGE(""https://irishfamilysurnames.com/wp-content/uploads/2021/04/kennedy-B-H.jpg"")",https://irishfamilysurnames.com/wp-content/uploads/2021/04/kennedy-B-H.jpg
Kenny,kenny,https://irishfamilysurnames.com/product/kenny/,"=IMAGE(""https://irishfamilysurnames.com/wp-content/uploads/2021/04/kenny-B-H.jpg"")",https://irishfamilysurnames.com/wp-content/uploads/2021/04/kenny-B-H.jpg
Keogh,keogh,https://irishfamilysurnames.com/product/keogh/,"=IMAGE(""https://irishfamilysurnames.com/wp-content/uploads/2021/04/keogh-B-H.jpg"")",https://irishfamilysurnames.com/wp-content/uploads/2021/04/keogh-B-H.jpg
Kerins,kerins,https://irishfamilysurnames.com/product/kerins/,"=IMAGE(""https://irishfamilysurnames.com/wp-content/uploads/2021/04/kerins-B-H.jpg"")",https://irishfamilysurnames.com/wp-content/uploads/2021/04/kerins-B-H.jpg
Kiernan,kiernan,https://irishfamilysurnames.com/product/kiernan/,"=IMAGE(""https://irishfamilysurnames.com/wp-content/uploads/2021/04/kiernan-B-H.jpg"")",https://irishfamilysurnames.com/wp-content/uploads/2021/04/kiernan-B-H.jpg
King,king,https://irishfamilysurnames.com/product/king/,"=IMAGE(""https://irishfamilysurnames.com/wp-content/uploads/2021/04/king-B-H.jpg"")",https://irishfamilysurnames.com/wp-content/uploads/2021/04/king-B-H.jpg
Kinsella,kinsella,https://irishfamilysurnames.com/product/kinsella/,"=IMAGE(""https://irishfamilysurnames.com/wp-content/uploads/2021/04/kinsella-B-H.jpg"")",https://irishfamilysurnames.com/wp-content/uploads/2021/04/kinsella-B-H.jpg
Kirwan,kirwan,https://irishfamilysurnames.com/product/kirwan/,"=IMAGE(""https://irishfamilysurnames.com/wp-content/uploads/2021/04/kirwan-B-H.jpg"")",https://irishfamilysurnames.com/wp-content/uploads/2021/04/kirwan-B-H.jpg
Lalor,lalor,https://irishfamilysurnames.com/product/lalor/,"=IMAGE(""https://irishfamilysurnames.com/wp-content/uploads/2021/04/lalor-B-H.jpg"")",https://irishfamilysurnames.com/wp-content/uploads/2021/04/lalor-B-H.jpg
Larkin,larkin,https://irishfamilysurnames.com/product/larkin/,"=IMAGE(""https://irishfamilysurnames.com/wp-content/uploads/2021/04/larkin-B-H.jpg"")",https://irishfamilysurnames.com/wp-content/uploads/2021/04/larkin-B-H.jpg
Lawler,lawler,https://irishfamilysurnames.com/product/lawler/,"=IMAGE(""https://irishfamilysurnames.com/wp-content/uploads/2021/04/lawler-B-H-1.jpg"")",https://irishfamilysurnames.com/wp-content/uploads/2021/04/lawler-B-H-1.jpg
Lawlor,lawlor,https://irishfamilysurnames.com/product/lawlor/,"=IMAGE(""https://irishfamilysurnames.com/wp-content/uploads/2021/04/lawlor-B-H-1.jpg"")",https://irishfamilysurnames.com/wp-content/uploads/2021/04/lawlor-B-H-1.jpg
Leahy,leahy,https://irishfamilysurnames.com/product/leahy/,"=IMAGE(""https://irishfamilysurnames.com/wp-content/uploads/2021/04/leahy-B-H-1.jpg"")",https://irishfamilysurnames.com/wp-content/uploads/2021/04/leahy-B-H-1.jpg
Leary,leary,https://irishfamilysurnames.com/product/leary/,"=IMAGE(""https://irishfamilysurnames.com/wp-content/uploads/2021/04/leary-B-H-1.jpg"")",https://irishfamilysurnames.com/wp-content/uploads/2021/04/leary-B-H-1.jpg
Lee,lee,https://irishfamilysurnames.com/product/lee/,"=IMAGE(""https://irishfamilysurnames.com/wp-content/uploads/2021/04/lee-B-H-1.jpg"")",https://irishfamilysurnames.com/wp-content/uploads/2021/04/lee-B-H-1.jpg
Lenihan,lenihan,https://irishfamilysurnames.com/product/lenihan/,"=IMAGE(""https://irishfamilysurnames.com/wp-content/uploads/2021/04/lenihan-B-H-1.jpg"")",https://irishfamilysurnames.com/wp-content/uploads/2021/04/lenihan-B-H-1.jpg
Lennon,lennon,https://irishfamilysurnames.com/product/lennon/,"=IMAGE(""https://irishfamilysurnames.com/wp-content/uploads/2021/04/lennon-B-H-1.jpg"")",https://irishfamilysurnames.com/wp-content/uploads/2021/04/lennon-B-H-1.jpg
Long,long,https://irishfamilysurnames.com/product/long/,"=IMAGE(""https://irishfamilysurnames.com/wp-content/uploads/2021/04/long-B-H-1.jpg"")",https://irishfamilysurnames.com/wp-content/uploads/2021/04/long-B-H-1.jpg
Lynch,lynch,https://irishfamilysurnames.com/product/lynch/,"=IMAGE(""https://irishfamilysurnames.com/wp-content/uploads/2021/04/lynch-B-H-1.jpg"")",https://irishfamilysurnames.com/wp-content/uploads/2021/04/lynch-B-H-1.jpg
Lyons,lyons,https://irishfamilysurnames.com/product/lyons/,"=IMAGE(""https://irishfamilysurnames.com/wp-content/uploads/2021/04/lyons-B-H-1.jpg"")",https://irishfamilysurnames.com/wp-content/uploads/2021/04/lyons-B-H-1.jpg
Mackey,mackey,https://irishfamilysurnames.com/product/mackey/,"=IMAGE(""https://irishfamilysurnames.com/wp-content/uploads/2021/04/mackey-B-H.jpg"")",https://irishfamilysurnames.com/wp-content/uploads/2021/04/mackey-B-H.jpg
Madden,madden,https://irishfamilysurnames.com/product/madden/,"=IMAGE(""https://irishfamilysurnames.com/wp-content/uploads/2021/04/madden-B-H.jpg"")",https://irishfamilysurnames.com/wp-content/uploads/2021/04/madden-B-H.jpg
Magee,magee,https://irishfamilysurnames.com/product/magee/,"=IMAGE(""https://irishfamilysurnames.com/wp-content/uploads/2021/04/magee-B-H.jpg"")",https://irishfamilysurnames.com/wp-content/uploads/2021/04/magee-B-H.jpg
Maguire,maguire,https://irishfamilysurnames.com/product/maguire/,"=IMAGE(""https://irishfamilysurnames.com/wp-content/uploads/2021/04/maguire-B-H.jpg"")",https://irishfamilysurnames.com/wp-content/uploads/2021/04/maguire-B-H.jpg
Maher,maher,https://irishfamilysurnames.com/product/maher/,"=IMAGE(""https://irishfamilysurnames.com/wp-content/uploads/2021/04/maher-B-H.jpg"")",https://irishfamilysurnames.com/wp-content/uploads/2021/04/maher-B-H.jpg
Mahon,mahon,https://irishfamilysurnames.com/product/mahon/,"=IMAGE(""https://irishfamilysurnames.com/wp-content/uploads/2021/04/mahon-B-H.jpg"")",https://irishfamilysurnames.com/wp-content/uploads/2021/04/mahon-B-H.jpg
Mahoney,mahoney,https://irishfamilysurnames.com/product/mahoney/,"=IMAGE(""https://irishfamilysurnames.com/wp-content/uploads/2021/04/mahoney-B-H.jpg"")",https://irishfamilysurnames.com/wp-content/uploads/2021/04/mahoney-B-H.jpg
Mahony,mahony,https://irishfamilysurnames.com/product/mahony/,"=IMAGE(""https://irishfamilysurnames.com/wp-content/uploads/2021/04/mahony-B-H.jpg"")",https://irishfamilysurnames.com/wp-content/uploads/2021/04/mahony-B-H.jpg
Malley,malley,https://irishfamilysurnames.com/product/malley/,"=IMAGE(""https://irishfamilysurnames.com/wp-content/uploads/2021/04/malley-B-H.jpg"")",https://irishfamilysurnames.com/wp-content/uploads/2021/04/malley-B-H.jpg
Malone,malone,https://irishfamilysurnames.com/product/malone/,"=IMAGE(""https://irishfamilysurnames.com/wp-content/uploads/2021/04/malone-B-H.jpg"")",https://irishfamilysurnames.com/wp-content/uploads/2021/04/malone-B-H.jpg
Manning,manning,https://irishfamilysurnames.com/product/manning/,"=IMAGE(""https://irishfamilysurnames.com/wp-content/uploads/2021/04/manning-B-H.jpg"")",https://irishfamilysurnames.com/wp-content/uploads/2021/04/manning-B-H.jpg
Mara,mara,https://irishfamilysurnames.com/product/mara/,"=IMAGE(""https://irishfamilysurnames.com/wp-content/uploads/2021/04/mara-B-H.jpg"")",https://irishfamilysurnames.com/wp-content/uploads/2021/04/mara-B-H.jpg
Martin,martin,https://irishfamilysurnames.com/product/martin/,"=IMAGE(""https://irishfamilysurnames.com/wp-content/uploads/2021/04/martin-B-H.jpg"")",https://irishfamilysurnames.com/wp-content/uploads/2021/04/martin-B-H.jpg
McAuley,mcauley,https://irishfamilysurnames.com/product/mcauley/,"=IMAGE(""https://irishfamilysurnames.com/wp-content/uploads/2021/04/mcauley-B-H.jpg"")",https://irishfamilysurnames.com/wp-content/uploads/2021/04/mcauley-B-H.jpg
McAwley,mcawley,https://irishfamilysurnames.com/product/mcawley/,"=IMAGE(""https://irishfamilysurnames.com/wp-content/uploads/2021/04/mcawley-B-H.jpg"")",https://irishfamilysurnames.com/wp-content/uploads/2021/04/mcawley-B-H.jpg
McCabe,mccabe,https://irishfamilysurnames.com/product/mccabe/,"=IMAGE(""https://irishfamilysurnames.com/wp-content/uploads/2021/04/mccabe-B-H.jpg"")",https://irishfamilysurnames.com/wp-content/uploads/2021/04/mccabe-B-H.jpg
McCann,mccann,https://irishfamilysurnames.com/product/mccann/,"=IMAGE(""https://irishfamilysurnames.com/wp-content/uploads/2021/04/mccann-BH.jpg"")",https://irishfamilysurnames.com/wp-content/uploads/2021/04/mccann-BH.jpg
McCarthy,mccarthy,https://irishfamilysurnames.com/product/mccarthy/,"=IMAGE(""https://irishfamilysurnames.com/wp-content/uploads/2021/04/mccarthy-B-H.jpg"")",https://irishfamilysurnames.com/wp-content/uploads/2021/04/mccarthy-B-H.jpg
McCormack,mccormack,https://irishfamilysurnames.com/product/mccormack/,"=IMAGE(""https://irishfamilysurnames.com/wp-content/uploads/2021/04/mccormack-B-H.jpg"")",https://irishfamilysurnames.com/wp-content/uploads/2021/04/mccormack-B-H.jpg
McCormick,mccormick,https://irishfamilysurnames.com/product/mccormick/,"=IMAGE(""https://irishfamilysurnames.com/wp-content/uploads/2021/04/mccormick-B-H.jpg"")",https://irishfamilysurnames.com/wp-content/uploads/2021/04/mccormick-B-H.jpg
McDermot,mcdermot,https://irishfamilysurnames.com/product/mcdermot/,"=IMAGE(""https://irishfamilysurnames.com/wp-content/uploads/2021/04/mcdermot-B-H.jpg"")",https://irishfamilysurnames.com/wp-content/uploads/2021/04/mcdermot-B-H.jpg
McDermott,mcdermott,https://irishfamilysurnames.com/product/mcdermott/,"=IMAGE(""https://irishfamilysurnames.com/wp-content/uploads/2021/04/mcdermott-B-H.jpg"")",https://irishfamilysurnames.com/wp-content/uploads/2021/04/mcdermott-B-H.jpg
McDonagh,mcdonagh,https://irishfamilysurnames.com/product/mcdonagh/,"=IMAGE(""https://irishfamilysurnames.com/wp-content/uploads/2021/04/mcdonagh-B-H.jpg"")",https://irishfamilysurnames.com/wp-content/uploads/2021/04/mcdonagh-B-H.jpg
McDonald,mcdonald,https://irishfamilysurnames.com/product/mcdonald/,"=IMAGE(""https://irishfamilysurnames.com/wp-content/uploads/2021/04/mcdonald-B-H.jpg"")",https://irishfamilysurnames.com/wp-content/uploads/2021/04/mcdonald-B-H.jpg
McDonnell,mcdonnell,https://irishfamilysurnames.com/product/mcdonnell/,"=IMAGE(""https://irishfamilysurnames.com/wp-content/uploads/2021/04/mcdonnell-B-H.jpg"")",https://irishfamilysurnames.com/wp-content/uploads/2021/04/mcdonnell-B-H.jpg
McDowell,mcdowell,https://irishfamilysurnames.com/product/mcdowell/,"=IMAGE(""https://irishfamilysurnames.com/wp-content/uploads/2021/04/mcdowell-B-H.jpg"")",https://irishfamilysurnames.com/wp-content/uploads/2021/04/mcdowell-B-H.jpg
McElroy,mcelroy,https://irishfamilysurnames.com/product/mcelroy/,"=IMAGE(""https://irishfamilysurnames.com/wp-content/uploads/2021/04/mcelroy-B-H.jpg"")",https://irishfamilysurnames.com/wp-content/uploads/2021/04/mcelroy-B-H.jpg
McEvoy,mcevoy,https://irishfamilysurnames.com/product/mcevoy/,"=IMAGE(""https://irishfamilysurnames.com/wp-content/uploads/2021/04/mcevoy-B-H.jpg"")",https://irishfamilysurnames.com/wp-content/uploads/2021/04/mcevoy-B-H.jpg
McGee,mcgee,https://irishfamilysurnames.com/product/mcgee/,"=IMAGE(""https://irishfamilysurnames.com/wp-content/uploads/2021/04/mcgee-B-H.jpg"")",https://irishfamilysurnames.com/wp-content/uploads/2021/04/mcgee-B-H.jpg
McGinley,mcginley,https://irishfamilysurnames.com/product/mcginley/,"=IMAGE(""https://irishfamilysurnames.com/wp-content/uploads/2021/04/mcginley-B-H.jpg"")",https://irishfamilysurnames.com/wp-content/uploads/2021/04/mcginley-B-H.jpg
McGovern,mcgovern,https://irishfamilysurnames.com/product/mcgovern/,"=IMAGE(""https://irishfamilysurnames.com/wp-content/uploads/2021/04/mcgovern-B-H.jpg"")",https://irishfamilysurnames.com/wp-content/uploads/2021/04/mcgovern-B-H.jpg
McGowan,mcgowan,https://irishfamilysurnames.com/product/mcgowan/,"=IMAGE(""https://irishfamilysurnames.com/wp-content/uploads/2021/04/mcgowan-B-H.jpg"")",https://irishfamilysurnames.com/wp-content/uploads/2021/04/mcgowan-B-H.jpg
McGrath,mcgrath,https://irishfamilysurnames.com/product/mcgrath/,"=IMAGE(""https://irishfamilysurnames.com/wp-content/uploads/2021/04/mcgrath-B-H.jpg"")",https://irishfamilysurnames.com/wp-content/uploads/2021/04/mcgrath-B-H.jpg
McGuinness,mcguinness,https://irishfamilysurnames.com/product/mcguinness/,"=IMAGE(""https://irishfamilysurnames.com/wp-content/uploads/2021/04/mcguinness-B-H.jpg"")",https://irishfamilysurnames.com/wp-content/uploads/2021/04/mcguinness-B-H.jpg
McGuire,mcguire,https://irishfamilysurnames.com/product/mcguire/,"=IMAGE(""https://irishfamilysurnames.com/wp-content/uploads/2021/04/mcguire-B-H.jpg"")",https://irishfamilysurnames.com/wp-content/uploads/2021/04/mcguire-B-H.jpg
McHugh,mchugh,https://irishfamilysurnames.com/product/mchugh/,"=IMAGE(""https://irishfamilysurnames.com/wp-content/uploads/2021/04/mchugh-B-H.jpg"")",https://irishfamilysurnames.com/wp-content/uploads/2021/04/mchugh-B-H.jpg
McInerney,mcinerney,https://irishfamilysurnames.com/product/mcinerney/,"=IMAGE(""https://irishfamilysurnames.com/wp-content/uploads/2021/04/mcinerney-B-H.jpg"")",https://irishfamilysurnames.com/wp-content/uploads/2021/04/mcinerney-B-H.jpg
McKee,mckee,https://irishfamilysurnames.com/product/mckee/,"=IMAGE(""https://irishfamilysurnames.com/wp-content/uploads/2021/04/mckee-B-H.jpg"")",https://irishfamilysurnames.com/wp-content/uploads/2021/04/mckee-B-H.jpg
McKenna,mckenna,https://irishfamilysurnames.com/product/mckenna/,"=IMAGE(""https://irishfamilysurnames.com/wp-content/uploads/2021/04/mckenna-B-H.jpg"")",https://irishfamilysurnames.com/wp-content/uploads/2021/04/mckenna-B-H.jpg
McKeogh,mckeogh,https://irishfamilysurnames.com/product/mckeogh/,"=IMAGE(""https://irishfamilysurnames.com/wp-content/uploads/2021/04/mckeogh-B-H.jpg"")",https://irishfamilysurnames.com/wp-content/uploads/2021/04/mckeogh-B-H.jpg
McLaughlin,mclaughlin,https://irishfamilysurnames.com/product/mclaughlin/,"=IMAGE(""https://irishfamilysurnames.com/wp-content/uploads/2021/04/mclaughlin-B-H.jpg"")",https://irishfamilysurnames.com/wp-content/uploads/2021/04/mclaughlin-B-H.jpg
McLoughlin,mcloughlin,https://irishfamilysurnames.com/product/mcloughlin/,"=IMAGE(""https://irishfamilysurnames.com/wp-content/uploads/2021/04/mcloughlin-B-H.jpg"")",https://irishfamilysurnames.com/wp-content/uploads/2021/04/mcloughlin-B-H.jpg
McMahon,mcmahon,https://irishfamilysurnames.com/product/mcmahon/,"=IMAGE(""https://irishfamilysurnames.com/wp-content/uploads/2021/04/mcmahon-B-H.jpg"")",https://irishfamilysurnames.com/wp-content/uploads/2021/04/mcmahon-B-H.jpg
McManus,mcmanus,https://irishfamilysurnames.com/product/mcmanus/,"=IMAGE(""https://irishfamilysurnames.com/wp-content/uploads/2021/04/mcmanus-B-H.jpg"")",https://irishfamilysurnames.com/wp-content/uploads/2021/04/mcmanus-B-H.jpg
McNally,mcnally,https://irishfamilysurnames.com/product/mcnally/,"=IMAGE(""https://irishfamilysurnames.com/wp-content/uploads/2021/04/mcnally-B-H.jpg"")",https://irishfamilysurnames.com/wp-content/uploads/2021/04/mcnally-B-H.jpg
McNamara,mcnamara,https://irishfamilysurnames.com/product/mcnamara/,"=IMAGE(""https://irishfamilysurnames.com/wp-content/uploads/2021/04/mcnamara-B-H.jpg"")",https://irishfamilysurnames.com/wp-content/uploads/2021/04/mcnamara-B-H.jpg
McSweeney,mcsweeney,https://irishfamilysurnames.com/product/mcsweeney/,"=IMAGE(""https://irishfamilysurnames.com/wp-content/uploads/2021/04/mcsweeney-B-H.jpg"")",https://irishfamilysurnames.com/wp-content/uploads/2021/04/mcsweeney-B-H.jpg
Meagher,meagher,https://irishfamilysurnames.com/product/meagher/,"=IMAGE(""https://irishfamilysurnames.com/wp-content/uploads/2021/04/meagher-B-H.jpg"")",https://irishfamilysurnames.com/wp-content/uploads/2021/04/meagher-B-H.jpg
Meara,meara,https://irishfamilysurnames.com/product/meara/,"=IMAGE(""https://irishfamilysurnames.com/wp-content/uploads/2021/04/meara-B-H.jpg"")",https://irishfamilysurnames.com/wp-content/uploads/2021/04/meara-B-H.jpg
Meehan,meehan,https://irishfamilysurnames.com/product/meehan/,"=IMAGE(""https://irishfamilysurnames.com/wp-content/uploads/2021/04/meehan-B-H.jpg"")",https://irishfamilysurnames.com/wp-content/uploads/2021/04/meehan-B-H.jpg
Miller,miller,https://irishfamilysurnames.com/product/miller/,"=IMAGE(""https://irishfamilysurnames.com/wp-content/uploads/2021/04/miller-B-H.jpg"")",https://irishfamilysurnames.com/wp-content/uploads/2021/04/miller-B-H.jpg
Mitchell,mitchell,https://irishfamilysurnames.com/product/mitchell/,"=IMAGE(""https://irishfamilysurnames.com/wp-content/uploads/2021/04/mitchell-B-H.jpg"")",https://irishfamilysurnames.com/wp-content/uploads/2021/04/mitchell-B-H.jpg
Molloy,molloy,https://irishfamilysurnames.com/product/molloy/,"=IMAGE(""https://irishfamilysurnames.com/wp-content/uploads/2021/04/molloy-B-H.jpg"")",https://irishfamilysurnames.com/wp-content/uploads/2021/04/molloy-B-H.jpg
Moloney,moloney,https://irishfamilysurnames.com/product/moloney/,"=IMAGE(""https://irishfamilysurnames.com/wp-content/uploads/2021/04/moloney-B-H.jpg"")",https://irishfamilysurnames.com/wp-content/uploads/2021/04/moloney-B-H.jpg
Monaghan,monaghan,https://irishfamilysurnames.com/product/monaghan/,"=IMAGE(""https://irishfamilysurnames.com/wp-content/uploads/2021/04/monaghan-B-H.jpg"")",https://irishfamilysurnames.com/wp-content/uploads/2021/04/monaghan-B-H.jpg
Monahan,monahan,https://irishfamilysurnames.com/product/monahan/,"=IMAGE(""https://irishfamilysurnames.com/wp-content/uploads/2021/04/monahan-B-H.jpg"")",https://irishfamilysurnames.com/wp-content/uploads/2021/04/monahan-B-H.jpg
Mooney,mooney,https://irishfamilysurnames.com/product/mooney/,"=IMAGE(""https://irishfamilysurnames.com/wp-content/uploads/2021/04/mooney-B-H.jpg"")",https://irishfamilysurnames.com/wp-content/uploads/2021/04/mooney-B-H.jpg
Moore,moore,https://irishfamilysurnames.com/product/moore/,"=IMAGE(""https://irishfamilysurnames.com/wp-content/uploads/2021/04/moore-B-H.jpg"")",https://irishfamilysurnames.com/wp-content/uploads/2021/04/moore-B-H.jpg
Moran,moran,https://irishfamilysurnames.com/product/moran/,"=IMAGE(""https://irishfamilysurnames.com/wp-content/uploads/2021/04/moran-B-H.jpg"")",https://irishfamilysurnames.com/wp-content/uploads/2021/04/moran-B-H.jpg
Moriarty,moriarty,https://irishfamilysurnames.com/product/moriarty/,"=IMAGE(""https://irishfamilysurnames.com/wp-content/uploads/2021/04/moriarty-B-H.jpg"")",https://irishfamilysurnames.com/wp-content/uploads/2021/04/moriarty-B-H.jpg
Morris,morris,https://irishfamilysurnames.com/product/morris/,"=IMAGE(""https://irishfamilysurnames.com/wp-content/uploads/2021/04/morris-B-H.jpg"")",https://irishfamilysurnames.com/wp-content/uploads/2021/04/morris-B-H.jpg
Mullan,mullan,https://irishfamilysurnames.com/product/mullan/,"=IMAGE(""https://irishfamilysurnames.com/wp-content/uploads/2021/04/mullan-B-H.jpg"")",https://irishfamilysurnames.com/wp-content/uploads/2021/04/mullan-B-H.jpg
Mullen,mullen,https://irishfamilysurnames.com/product/mullen/,"=IMAGE(""https://irishfamilysurnames.com/wp-content/uploads/2021/04/mullen-B-H.jpg"")",https://irishfamilysurnames.com/wp-content/uploads/2021/04/mullen-B-H.jpg
Mulligan,mulligan,https://irishfamilysurnames.com/product/mulligan/,"=IMAGE(""https://irishfamilysurnames.com/wp-content/uploads/2021/04/mulligan-B-H.jpg"")",https://irishfamilysurnames.com/wp-content/uploads/2021/04/mulligan-B-H.jpg
Murphy,murphy,https://irishfamilysurnames.com/product/murphy/,"=IMAGE(""https://irishfamilysurnames.com/wp-content/uploads/2021/04/murphy-B-H.jpg"")",https://irishfamilysurnames.com/wp-content/uploads/2021/04/murphy-B-H.jpg
Murray,murray,https://irishfamilysurnames.com/product/murray/,"=IMAGE(""https://irishfamilysurnames.com/wp-content/uploads/2021/04/murray-B-H.jpg"")",https://irishfamilysurnames.com/wp-content/uploads/2021/04/murray-B-H.jpg
Nally,nally,https://irishfamilysurnames.com/product/nally/,"=IMAGE(""https://irishfamilysurnames.com/wp-content/uploads/2021/04/nally-B-H.jpg"")",https://irishfamilysurnames.com/wp-content/uploads/2021/04/nally-B-H.jpg
Neill,neill,https://irishfamilysurnames.com/product/neill/,"=IMAGE(""https://irishfamilysurnames.com/wp-content/uploads/2021/04/neill-B-H.jpg"")",https://irishfamilysurnames.com/wp-content/uploads/2021/04/neill-B-H.jpg
Nolan,nolan,https://irishfamilysurnames.com/product/nolan/,"=IMAGE(""https://irishfamilysurnames.com/wp-content/uploads/2021/04/nolan-B-H.jpg"")",https://irishfamilysurnames.com/wp-content/uploads/2021/04/nolan-B-H.jpg
Nugent,nugent,https://irishfamilysurnames.com/product/nugent/,"=IMAGE(""https://irishfamilysurnames.com/wp-content/uploads/2021/04/nugent-B-H.jpg"")",https://irishfamilysurnames.com/wp-content/uploads/2021/04/nugent-B-H.jpg
Oboyle,oboyle,https://irishfamilysurnames.com/product/oboyle/,"=IMAGE(""https://irishfamilysurnames.com/wp-content/uploads/2021/04/o-boyle-B-H.jpg"")",https://irishfamilysurnames.com/wp-content/uploads/2021/04/o-boyle-B-H.jpg
Obrien,obrien,https://irishfamilysurnames.com/product/obrien/,"=IMAGE(""https://irishfamilysurnames.com/wp-content/uploads/2021/04/o-brien-B-H.jpg"")",https://irishfamilysurnames.com/wp-content/uploads/2021/04/o-brien-B-H.jpg
Obyrne,obyrne,https://irishfamilysurnames.com/product/obyrne/,"=IMAGE(""https://irishfamilysurnames.com/wp-content/uploads/2021/04/o-byrne-B-H.jpg"")",https://irishfamilysurnames.com/wp-content/uploads/2021/04/o-byrne-B-H.jpg
Ocallaghan,ocallaghan,https://irishfamilysurnames.com/product/ocallaghan/,"=IMAGE(""https://irishfamilysurnames.com/wp-content/uploads/2021/04/o-callaghan-B-H.jpg"")",https://irishfamilysurnames.com/wp-content/uploads/2021/04/o-callaghan-B-H.jpg
Ocarroll,ocarroll,https://irishfamilysurnames.com/product/ocarroll/,"=IMAGE(""https://irishfamilysurnames.com/wp-content/uploads/2021/04/o-carroll-B-H.jpg"")",https://irishfamilysurnames.com/wp-content/uploads/2021/04/o-carroll-B-H.jpg
Oconnell,oconnell,https://irishfamilysurnames.com/product/oconnell/,"=IMAGE(""https://irishfamilysurnames.com/wp-content/uploads/2021/04/o-connell-B-H.jpg"")",https://irishfamilysurnames.com/wp-content/uploads/2021/04/o-connell-B-H.jpg
Oconnor,oconnor,https://irishfamilysurnames.com/product/oconnor/,"=IMAGE(""https://irishfamilysurnames.com/wp-content/uploads/2021/04/o-connor-B-H.jpg"")",https://irishfamilysurnames.com/wp-content/uploads/2021/04/o-connor-B-H.jpg
Odaugherty,odaugherty,https://irishfamilysurnames.com/product/odaugherty/,"=IMAGE(""https://irishfamilysurnames.com/wp-content/uploads/2021/04/o-daugherty-B-H.jpg"")",https://irishfamilysurnames.com/wp-content/uploads/2021/04/o-daugherty-B-H.jpg
Odoherty,odoherty,https://irishfamilysurnames.com/product/odoherty/,"=IMAGE(""https://irishfamilysurnames.com/wp-content/uploads/2021/04/o-doherty-B-H.jpg"")",https://irishfamilysurnames.com/wp-content/uploads/2021/04/o-doherty-B-H.jpg
Odonnell,odonnell,https://irishfamilysurnames.com/product/odonnell/,"=IMAGE(""https://irishfamilysurnames.com/wp-content/uploads/2021/04/o-donnell-B-H.jpg"")",https://irishfamilysurnames.com/wp-content/uploads/2021/04/o-donnell-B-H.jpg
Odonoghoe,odonoghoe,https://irishfamilysurnames.com/product/odonoghoe/,"=IMAGE(""https://irishfamilysurnames.com/wp-content/uploads/2021/04/o-donoghoe-B-H.jpg"")",https://irishfamilysurnames.com/wp-content/uploads/2021/04/o-donoghoe-B-H.jpg
Odonoghue,odonoghue,https://irishfamilysurnames.com/product/odonoghue/,"=IMAGE(""https://irishfamilysurnames.com/wp-content/uploads/2021/04/o-donoghue-B-H.jpg"")",https://irishfamilysurnames.com/wp-content/uploads/2021/04/o-donoghue-B-H.jpg
Odonohoe,odonohoe,https://irishfamilysurnames.com/product/odonohoe/,"=IMAGE(""https://irishfamilysurnames.com/wp-content/uploads/2021/04/odonohoe-B-H.jpg"")",https://irishfamilysurnames.com/wp-content/uploads/2021/04/odonohoe-B-H.jpg
Odonovan 2,odonovan-2,https://irishfamilysurnames.com/product/odonovan-2/,"=IMAGE(""https://irishfamilysurnames.com/wp-content/uploads/2021/04/odonovan-B-H.jpg"")",https://irishfamilysurnames.com/wp-content/uploads/2021/04/odonovan-B-H.jpg
Odougherty,odougherty,https://irishfamilysurnames.com/product/odougherty/,"=IMAGE(""https://irishfamilysurnames.com/wp-content/uploads/2021/04/o-dougherty-B-H.jpg"")",https://irishfamilysurnames.com/wp-content/uploads/2021/04/o-dougherty-B-H.jpg
Odriscoll,odriscoll,https://irishfamilysurnames.com/product/odriscoll/,"=IMAGE(""https://irishfamilysurnames.com/wp-content/uploads/2021/04/o-driscoll-B-H.jpg"")",https://irishfamilysurnames.com/wp-content/uploads/2021/04/o-driscoll-B-H.jpg
Oduffy,oduffy,https://irishfamilysurnames.com/product/oduffy/,"=IMAGE(""https://irishfamilysurnames.com/wp-content/uploads/2021/04/o-duffy-B-H.jpg"")",https://irishfamilysurnames.com/wp-content/uploads/2021/04/o-duffy-B-H.jpg
Odwyer,odwyer,https://irishfamilysurnames.com/product/odwyer/,"=IMAGE(""https://irishfamilysurnames.com/wp-content/uploads/2021/04/o-dwyer-B-H.jpg"")",https://irishfamilysurnames.com/wp-content/uploads/2021/04/o-dwyer-B-H.jpg
Ofarrell,ofarrell,https://irishfamilysurnames.com/product/ofarrell/,"=IMAGE(""https://irishfamilysurnames.com/wp-content/uploads/2021/04/o-farrell-B-H.jpg"")",https://irishfamilysurnames.com/wp-content/uploads/2021/04/o-farrell-B-H.jpg
Oflaherty,oflaherty,https://irishfamilysurnames.com/product/oflaherty/,"=IMAGE(""https://irishfamilysurnames.com/wp-content/uploads/2021/04/o-flaherty-B-H.jpg"")",https://irishfamilysurnames.com/wp-content/uploads/2021/04/o-flaherty-B-H.jpg
Oflanagan,oflanagan,https://irishfamilysurnames.com/product/oflanagan/,"=IMAGE(""https://irishfamilysurnames.com/wp-content/uploads/2021/04/o-flanagan-B-H.jpg"")",https://irishfamilysurnames.com/wp-content/uploads/2021/04/o-flanagan-B-H.jpg
Oflynn,oflynn,https://irishfamilysurnames.com/product/oflynn/,"=IMAGE(""https://irishfamilysurnames.com/wp-content/uploads/2021/04/o-flynn-B-H.jpg"")",https://irishfamilysurnames.com/wp-content/uploads/2021/04/o-flynn-B-H.jpg
Ogorman,ogorman,https://irishfamilysurnames.com/product/ogorman/,"=IMAGE(""https://irishfamilysurnames.com/wp-content/uploads/2021/04/o-gorman-B-H.jpg"")",https://irishfamilysurnames.com/wp-content/uploads/2021/04/o-gorman-B-H.jpg
Ogrady,ogrady,https://irishfamilysurnames.com/product/ogrady/,"=IMAGE(""https://irishfamilysurnames.com/wp-content/uploads/2021/04/o-grady-B-H.jpg"")",https://irishfamilysurnames.com/wp-content/uploads/2021/04/o-grady-B-H.jpg
Ohagan,ohagan,https://irishfamilysurnames.com/product/ohagan/,"=IMAGE(""https://irishfamilysurnames.com/wp-content/uploads/2021/04/o-hagan-B-H.jpg"")",https://irishfamilysurnames.com/wp-content/uploads/2021/04/o-hagan-B-H.jpg
Ohalloran,ohalloran,https://irishfamilysurnames.com/product/ohalloran/,"=IMAGE(""https://irishfamilysurnames.com/wp-content/uploads/2021/04/o-halloran-B-H.jpg"")",https://irishfamilysurnames.com/wp-content/uploads/2021/04/o-halloran-B-H.jpg
Ohanlon,ohanlon,https://irishfamilysurnames.com/product/ohanlon/,"=IMAGE(""https://irishfamilysurnames.com/wp-content/uploads/2021/04/ohanlon-B-H.jpg"")",https://irishfamilysurnames.com/wp-content/uploads/2021/04/ohanlon-B-H.jpg
Ohara,ohara,https://irishfamilysurnames.com/product/ohara/,"=IMAGE(""https://irishfamilysurnames.com/wp-content/uploads/2021/04/o-hara-B-H.jpg"")",https://irishfamilysurnames.com/wp-content/uploads/2021/04/o-hara-B-H.jpg
Ohart,ohart,https://irishfamilysurnames.com/product/ohart/,"=IMAGE(""https://irishfamilysurnames.com/wp-content/uploads/2021/04/o-hart-B-H.jpg"")",https://irishfamilysurnames.com/wp-content/uploads/2021/04/o-hart-B-H.jpg
Ohiggins,ohiggins,https://irishfamilysurnames.com/product/ohiggins/,"=IMAGE(""https://irishfamilysurnames.com/wp-content/uploads/2021/04/o-higgins-B-H.jpg"")",https://irishfamilysurnames.com/wp-content/uploads/2021/04/o-higgins-B-H.jpg
Okeefe,okeefe,https://irishfamilysurnames.com/product/okeefe/,"=IMAGE(""https://irishfamilysurnames.com/wp-content/uploads/2021/04/o-keefe-B-H.jpg"")",https://irishfamilysurnames.com/wp-content/uploads/2021/04/o-keefe-B-H.jpg
Okeeffe,okeeffe,https://irishfamilysurnames.com/product/okeeffe/,"=IMAGE(""https://irishfamilysurnames.com/wp-content/uploads/2021/04/o-keeffe-B-H.jpg"")",https://irishfamilysurnames.com/wp-content/uploads/2021/04/o-keeffe-B-H.jpg
Okelly,okelly,https://irishfamilysurnames.com/product/okelly/,"=IMAGE(""https://irishfamilysurnames.com/wp-content/uploads/2021/04/o-kelly-B-H.jpg"")",https://irishfamilysurnames.com/wp-content/uploads/2021/04/o-kelly-B-H.jpg
Olaughlin,olaughlin,https://irishfamilysurnames.com/product/olaughlin/,"=IMAGE(""https://irishfamilysurnames.com/wp-content/uploads/2021/04/o-laughlin-B-H.jpg"")",https://irishfamilysurnames.com/wp-content/uploads/2021/04/o-laughlin-B-H.jpg
Oleary,oleary,https://irishfamilysurnames.com/product/oleary/,"=IMAGE(""https://irishfamilysurnames.com/wp-content/uploads/2021/04/o-leary-B-H.jpg"")",https://irishfamilysurnames.com/wp-content/uploads/2021/04/o-leary-B-H.jpg
Oloughlin,oloughlin,https://irishfamilysurnames.com/product/oloughlin/,"=IMAGE(""https://irishfamilysurnames.com/wp-content/uploads/2021/04/o-loughlin-B-H.jpg"")",https://irishfamilysurnames.com/wp-content/uploads/2021/04/o-loughlin-B-H.jpg
Omahoney,omahoney,https://irishfamilysurnames.com/product/omahoney/,"=IMAGE(""https://irishfamilysurnames.com/wp-content/uploads/2021/04/o-mahoney-B-H.jpg"")",https://irishfamilysurnames.com/wp-content/uploads/2021/04/o-mahoney-B-H.jpg
Omahony,omahony,https://irishfamilysurnames.com/product/omahony/,"=IMAGE(""https://irishfamilysurnames.com/wp-content/uploads/2021/04/o-mahony-B-H.jpg"")",https://irishfamilysurnames.com/wp-content/uploads/2021/04/o-mahony-B-H.jpg
Omalley,omalley,https://irishfamilysurnames.com/product/omalley/,"=IMAGE(""https://irishfamilysurnames.com/wp-content/uploads/2021/04/o-malley-B-H.jpg"")",https://irishfamilysurnames.com/wp-content/uploads/2021/04/o-malley-B-H.jpg
Omara,omara,https://irishfamilysurnames.com/product/omara/,"=IMAGE(""https://irishfamilysurnames.com/wp-content/uploads/2021/04/o-mara-B-H.jpg"")",https://irishfamilysurnames.com/wp-content/uploads/2021/04/o-mara-B-H.jpg
Omeara,omeara,https://irishfamilysurnames.com/product/omeara/,"=IMAGE(""https://irishfamilysurnames.com/wp-content/uploads/2021/04/o-meara-B-H.jpg"")",https://irishfamilysurnames.com/wp-content/uploads/2021/04/o-meara-B-H.jpg
Oneal,oneal,https://irishfamilysurnames.com/product/oneal/,"=IMAGE(""https://irishfamilysurnames.com/wp-content/uploads/2021/04/o-neal-B-H.jpg"")",https://irishfamilysurnames.com/wp-content/uploads/2021/04/o-neal-B-H.jpg
Oneill,oneill,https://irishfamilysurnames.com/product/oneill/,"=IMAGE(""https://irishfamilysurnames.com/wp-content/uploads/2021/04/o-neill-B-H.jpg"")",https://irishfamilysurnames.com/wp-content/uploads/2021/04/o-neill-B-H.jpg
Oreagan,oreagan,https://irishfamilysurnames.com/product/oreagan/,"=IMAGE(""https://irishfamilysurnames.com/wp-content/uploads/2021/04/o-reagan-B-H.jpg"")",https://irishfamilysurnames.com/wp-content/uploads/2021/04/o-reagan-B-H.jpg
Oregan,oregan,https://irishfamilysurnames.com/product/oregan/,"=IMAGE(""https://irishfamilysurnames.com/wp-content/uploads/2021/04/o-regan-B-H.jpg"")",https://irishfamilysurnames.com/wp-content/uploads/2021/04/o-regan-B-H.jpg
Oreilly,oreilly,https://irishfamilysurnames.com/product/oreilly/,"=IMAGE(""https://irishfamilysurnames.com/wp-content/uploads/2021/04/o-reilly-B-H.jpg"")",https://irishfamilysurnames.com/wp-content/uploads/2021/04/o-reilly-B-H.jpg
Oriordan,oriordan,https://irishfamilysurnames.com/product/oriordan/,"=IMAGE(""https://irishfamilysurnames.com/wp-content/uploads/2021/04/o-riordan-B-H.jpg"")",https://irishfamilysurnames.com/wp-content/uploads/2021/04/o-riordan-B-H.jpg
Orourke,orourke,https://irishfamilysurnames.com/product/orourke/,"=IMAGE(""https://irishfamilysurnames.com/wp-content/uploads/2021/04/o-rourke-B-H.jpg"")",https://irishfamilysurnames.com/wp-content/uploads/2021/04/o-rourke-B-H.jpg
Oshaughnessy,oshaughnessy,https://irishfamilysurnames.com/product/oshaughnessy/,"=IMAGE(""https://irishfamilysurnames.com/wp-content/uploads/2021/04/o-shaughnessy-B-H.jpg"")",https://irishfamilysurnames.com/wp-content/uploads/2021/04/o-shaughnessy-B-H.jpg
Oshea,oshea,https://irishfamilysurnames.com/product/oshea/,"=IMAGE(""https://irishfamilysurnames.com/wp-content/uploads/2021/04/o-shea-B-H.jpg"")",https://irishfamilysurnames.com/wp-content/uploads/2021/04/o-shea-B-H.jpg
Osullivan,osullivan,https://irishfamilysurnames.com/product/osullivan/,"=IMAGE(""https://irishfamilysurnames.com/wp-content/uploads/2021/04/o-sullivan-B-H.jpg"")",https://irishfamilysurnames.com/wp-content/uploads/2021/04/o-sullivan-B-H.jpg
Otoole,otoole,https://irishfamilysurnames.com/product/otoole/,"=IMAGE(""https://irishfamilysurnames.com/wp-content/uploads/2021/04/o-toole-B-H.jpg"")",https://irishfamilysurnames.com/wp-content/uploads/2021/04/o-toole-B-H.jpg
Phelan,phelan,https://irishfamilysurnames.com/product/phelan/,"=IMAGE(""https://irishfamilysurnames.com/wp-content/uploads/2021/04/phelan-B-H.jpg"")",https://irishfamilysurnames.com/wp-content/uploads/2021/04/phelan-B-H.jpg
Power,power,https://irishfamilysurnames.com/product/power/,"=IMAGE(""https://irishfamilysurnames.com/wp-content/uploads/2021/04/power-B-H.jpg"")",https://irishfamilysurnames.com/wp-content/uploads/2021/04/power-B-H.jpg
Powers,powers,https://irishfamilysurnames.com/product/powers/,"=IMAGE(""https://irishfamilysurnames.com/wp-content/uploads/2021/04/powers-B-H.jpg"")",https://irishfamilysurnames.com/wp-content/uploads/2021/04/powers-B-H.jpg
Quigley,quigley,https://irishfamilysurnames.com/product/quigley/,"=IMAGE(""https://irishfamilysurnames.com/wp-content/uploads/2021/04/quigley-B-H.jpg"")",https://irishfamilysurnames.com/wp-content/uploads/2021/04/quigley-B-H.jpg
Quinlan,quinlan,https://irishfamilysurnames.com/product/quinlan/,"=IMAGE(""https://irishfamilysurnames.com/wp-content/uploads/2021/04/quinlan-B-H.jpg"")",https://irishfamilysurnames.com/wp-content/uploads/2021/04/quinlan-B-H.jpg
Quinn,quinn,https://irishfamilysurnames.com/product/quinn/,"=IMAGE(""https://irishfamilysurnames.com/wp-content/uploads/2021/04/quinn-B-H.jpg"")",https://irishfamilysurnames.com/wp-content/uploads/2021/04/quinn-B-H.jpg
Rafferty,rafferty,https://irishfamilysurnames.com/product/rafferty/,"=IMAGE(""https://irishfamilysurnames.com/wp-content/uploads/2021/04/rafferty-B-H.jpg"")",https://irishfamilysurnames.com/wp-content/uploads/2021/04/rafferty-B-H.jpg
Reagan,reagan,https://irishfamilysurnames.com/product/reagan/,"=IMAGE(""https://irishfamilysurnames.com/wp-content/uploads/2021/04/reagan-B-H.jpg"")",https://irishfamilysurnames.com/wp-content/uploads/2021/04/reagan-B-H.jpg
Reardon,reardon,https://irishfamilysurnames.com/product/reardon/,"=IMAGE(""https://irishfamilysurnames.com/wp-content/uploads/2021/04/reardon-B-H.jpg"")",https://irishfamilysurnames.com/wp-content/uploads/2021/04/reardon-B-H.jpg
Redmond,redmond,https://irishfamilysurnames.com/product/redmond/,"=IMAGE(""https://irishfamilysurnames.com/wp-content/uploads/2021/04/redmond-B-H.jpg"")",https://irishfamilysurnames.com/wp-content/uploads/2021/04/redmond-B-H.jpg
Regan,regan,https://irishfamilysurnames.com/product/regan/,"=IMAGE(""https://irishfamilysurnames.com/wp-content/uploads/2021/04/regan-B-H.jpg"")",https://irishfamilysurnames.com/wp-content/uploads/2021/04/regan-B-H.jpg
Reid,reid,https://irishfamilysurnames.com/product/reid/,"=IMAGE(""https://irishfamilysurnames.com/wp-content/uploads/2021/04/reid-B-H.jpg"")",https://irishfamilysurnames.com/wp-content/uploads/2021/04/reid-B-H.jpg
Reilly,reilly,https://irishfamilysurnames.com/product/reilly/,"=IMAGE(""https://irishfamilysurnames.com/wp-content/uploads/2021/04/reilly-B-H.jpg"")",https://irishfamilysurnames.com/wp-content/uploads/2021/04/reilly-B-H.jpg
Reynolds,reynolds,https://irishfamilysurnames.com/product/reynolds/,"=IMAGE(""https://irishfamilysurnames.com/wp-content/uploads/2021/04/reynolds-B-H.jpg"")",https://irishfamilysurnames.com/wp-content/uploads/2021/04/reynolds-B-H.jpg
Riley,riley,https://irishfamilysurnames.com/product/riley/,"=IMAGE(""https://irishfamilysurnames.com/wp-content/uploads/2021/04/riley-B-H.jpg"")",https://irishfamilysurnames.com/wp-content/uploads/2021/04/riley-B-H.jpg
Riordan,riordan,https://irishfamilysurnames.com/product/riordan/,"=IMAGE(""https://irishfamilysurnames.com/wp-content/uploads/2021/04/riordan-B-H.jpg"")",https://irishfamilysurnames.com/wp-content/uploads/2021/04/riordan-B-H.jpg
Roach,roach,https://irishfamilysurnames.com/product/roach/,"=IMAGE(""https://irishfamilysurnames.com/wp-content/uploads/2021/04/roach-B-H.jpg"")",https://irishfamilysurnames.com/wp-content/uploads/2021/04/roach-B-H.jpg
Roark,roark,https://irishfamilysurnames.com/product/roark/,"=IMAGE(""https://irishfamilysurnames.com/wp-content/uploads/2021/04/roark-B-H.jpg"")",https://irishfamilysurnames.com/wp-content/uploads/2021/04/roark-B-H.jpg
Roche,roche,https://irishfamilysurnames.com/product/roche/,"=IMAGE(""https://irishfamilysurnames.com/wp-content/uploads/2021/04/roche-B-H.jpg"")",https://irishfamilysurnames.com/wp-content/uploads/2021/04/roche-B-H.jpg
Rooney,rooney,https://irishfamilysurnames.com/product/rooney/,"=IMAGE(""https://irishfamilysurnames.com/wp-content/uploads/2021/04/rooney-B-H.jpg"")",https://irishfamilysurnames.com/wp-content/uploads/2021/04/rooney-B-H.jpg
Rourke,rourke,https://irishfamilysurnames.com/product/rourke/,"=IMAGE(""https://irishfamilysurnames.com/wp-content/uploads/2021/04/rourke-B-H.jpg"")",https://irishfamilysurnames.com/wp-content/uploads/2021/04/rourke-B-H.jpg
Russell,russell,https://irishfamilysurnames.com/product/russell/,"=IMAGE(""https://irishfamilysurnames.com/wp-content/uploads/2021/04/russell-B-H.jpg"")",https://irishfamilysurnames.com/wp-content/uploads/2021/04/russell-B-H.jpg
Ryan,ryan,https://irishfamilysurnames.com/product/ryan/,"=IMAGE(""https://irishfamilysurnames.com/wp-content/uploads/2021/04/ryan-B-H.jpg"")",https://irishfamilysurnames.com/wp-content/uploads/2021/04/ryan-B-H.jpg
Scott,scott,https://irishfamilysurnames.com/product/scott/,"=IMAGE(""https://irishfamilysurnames.com/wp-content/uploads/2021/04/scott-B-H.jpg"")",https://irishfamilysurnames.com/wp-content/uploads/2021/04/scott-B-H.jpg
Scully,scully,https://irishfamilysurnames.com/product/scully/,"=IMAGE(""https://irishfamilysurnames.com/wp-content/uploads/2021/04/scully-B-H.jpg"")",https://irishfamilysurnames.com/wp-content/uploads/2021/04/scully-B-H.jpg
Shanahan,shanahan,https://irishfamilysurnames.com/product/shanahan/,"=IMAGE(""https://irishfamilysurnames.com/wp-content/uploads/2021/04/shanahan-B-H.jpg"")",https://irishfamilysurnames.com/wp-content/uploads/2021/04/shanahan-B-H.jpg
Shannon,shannon,https://irishfamilysurnames.com/product/shannon/,"=IMAGE(""https://irishfamilysurnames.com/wp-content/uploads/2021/04/shannon-B-H.jpg"")",https://irishfamilysurnames.com/wp-content/uploads/2021/04/shannon-B-H.jpg
Shaughnessy,shaughnessy,https://irishfamilysurnames.com/product/shaughnessy/,"=IMAGE(""https://irishfamilysurnames.com/wp-content/uploads/2021/04/shaughnessy-B-H.jpg"")",https://irishfamilysurnames.com/wp-content/uploads/2021/04/shaughnessy-B-H.jpg
Shea,shea,https://irishfamilysurnames.com/product/shea/,"=IMAGE(""https://irishfamilysurnames.com/wp-content/uploads/2021/04/shea-B-H.jpg"")",https://irishfamilysurnames.com/wp-content/uploads/2021/04/shea-B-H.jpg
Sheehan,sheehan,https://irishfamilysurnames.com/product/sheehan/,"=IMAGE(""https://irishfamilysurnames.com/wp-content/uploads/2021/04/sheehan-B-H.jpg"")",https://irishfamilysurnames.com/wp-content/uploads/2021/04/sheehan-B-H.jpg
Sheehy,sheehy,https://irishfamilysurnames.com/product/sheehy/,"=IMAGE(""https://irishfamilysurnames.com/wp-content/uploads/2021/04/sheehy-B-H.jpg"")",https://irishfamilysurnames.com/wp-content/uploads/2021/04/sheehy-B-H.jpg
Sheridan,sheridan,https://irishfamilysurnames.com/product/sheridan/,"=IMAGE(""https://irishfamilysurnames.com/wp-content/uploads/2021/04/SHERIDAN-B-H-1.jpg"")",https://irishfamilysurnames.com/wp-content/uploads/2021/04/SHERIDAN-B-H-1.jpg
Slattery,slattery,https://irishfamilysurnames.com/product/slattery/,"=IMAGE(""https://irishfamilysurnames.com/wp-content/uploads/2021/04/slattery-B-H.jpg"")",https://irishfamilysurnames.com/wp-content/uploads/2021/04/slattery-B-H.jpg
Smith,smith,https://irishfamilysurnames.com/product/smith/,"=IMAGE(""https://irishfamilysurnames.com/wp-content/uploads/2021/04/smith-B-H.jpg"")",https://irishfamilysurnames.com/wp-content/uploads/2021/04/smith-B-H.jpg
Smyth,smyth,https://irishfamilysurnames.com/product/smyth/,"=IMAGE(""https://irishfamilysurnames.com/wp-content/uploads/2021/04/smyth-B-H.jpg"")",https://irishfamilysurnames.com/wp-content/uploads/2021/04/smyth-B-H.jpg
Stapleton,stapleton,https://irishfamilysurnames.com/product/stapleton/,"=IMAGE(""https://irishfamilysurnames.com/wp-content/uploads/2021/04/stapleton-B-H.jpg"")",https://irishfamilysurnames.com/wp-content/uploads/2021/04/stapleton-B-H.jpg
Stewart,stewart,https://irishfamilysurnames.com/product/stewart/,"=IMAGE(""https://irishfamilysurnames.com/wp-content/uploads/2021/04/stewart-B-H.jpg"")",https://irishfamilysurnames.com/wp-content/uploads/2021/04/stewart-B-H.jpg
Sullivan,sullivan,https://irishfamilysurnames.com/product/sullivan/,"=IMAGE(""https://irishfamilysurnames.com/wp-content/uploads/2021/04/sullivan-B-H.jpg"")",https://irishfamilysurnames.com/wp-content/uploads/2021/04/sullivan-B-H.jpg
Sweeney,sweeney,https://irishfamilysurnames.com/product/sweeney/,"=IMAGE(""https://irishfamilysurnames.com/wp-content/uploads/2021/04/sweeney-B-H.jpg"")",https://irishfamilysurnames.com/wp-content/uploads/2021/04/sweeney-B-H.jpg
Taylor,taylor,https://irishfamilysurnames.com/product/taylor/,"=IMAGE(""https://irishfamilysurnames.com/wp-content/uploads/2021/04/d-arcy-B-H.jpg"")",https://irishfamilysurnames.com/wp-content/uploads/2021/04/d-arcy-B-H.jpg
Taylor 2,taylor-2,https://irishfamilysurnames.com/product/taylor-2/,"=IMAGE(""https://irishfamilysurnames.com/wp-content/uploads/2021/04/taylor-B-H.jpg"")",https://irishfamilysurnames.com/wp-content/uploads/2021/04/taylor-B-H.jpg
Thompson,thompson,https://irishfamilysurnames.com/product/thompson/,"=IMAGE(""https://irishfamilysurnames.com/wp-content/uploads/2021/04/thompson-B-H.jpg"")",https://irishfamilysurnames.com/wp-content/uploads/2021/04/thompson-B-H.jpg
Tierney,tierney,https://irishfamilysurnames.com/product/tierney/,"=IMAGE(""https://irishfamilysurnames.com/wp-content/uploads/2021/04/tierney-B-H.jpg"")",https://irishfamilysurnames.com/wp-content/uploads/2021/04/tierney-B-H.jpg
Tobin,tobin,https://irishfamilysurnames.com/product/tobin/,"=IMAGE(""https://irishfamilysurnames.com/wp-content/uploads/2021/04/tobin-B-H.jpg"")",https://irishfamilysurnames.com/wp-content/uploads/2021/04/tobin-B-H.jpg
Toole,toole,https://irishfamilysurnames.com/product/toole/,"=IMAGE(""https://irishfamilysurnames.com/wp-content/uploads/2021/04/toole-B-H.jpg"")",https://irishfamilysurnames.com/wp-content/uploads/2021/04/toole-B-H.jpg
Tracy,tracy,https://irishfamilysurnames.com/product/tracy/,"=IMAGE(""https://irishfamilysurnames.com/wp-content/uploads/2021/04/tracy-B-H.jpg"")",https://irishfamilysurnames.com/wp-content/uploads/2021/04/tracy-B-H.jpg
Treacy,treacy,https://irishfamilysurnames.com/product/treacy/,"=IMAGE(""https://irishfamilysurnames.com/wp-content/uploads/2021/04/treacy-B-H.jpg"")",https://irishfamilysurnames.com/wp-content/uploads/2021/04/treacy-B-H.jpg
Walker,walker,https://irishfamilysurnames.com/product/walker/,"=IMAGE(""https://irishfamilysurnames.com/wp-content/uploads/2021/04/walker-B-H.jpg"")",https://irishfamilysurnames.com/wp-content/uploads/2021/04/walker-B-H.jpg
Wall,wall,https://irishfamilysurnames.com/product/wall/,"=IMAGE(""https://irishfamilysurnames.com/wp-content/uploads/2021/04/wall-B-H.jpg"")",https://irishfamilysurnames.com/wp-content/uploads/2021/04/wall-B-H.jpg
Walsh,walsh,https://irishfamilysurnames.com/product/walsh/,"=IMAGE(""https://irishfamilysurnames.com/wp-content/uploads/2021/04/walsh-B-H.jpg"")",https://irishfamilysurnames.com/wp-content/uploads/2021/04/walsh-B-H.jpg
Walshe,walshe,https://irishfamilysurnames.com/product/walshe/,"=IMAGE(""https://irishfamilysurnames.com/wp-content/uploads/2021/04/walshe-B-H.jpg"")",https://irishfamilysurnames.com/wp-content/uploads/2021/04/walshe-B-H.jpg
Ward,ward,https://irishfamilysurnames.com/product/ward/,"=IMAGE(""https://irishfamilysurnames.com/wp-content/uploads/2021/04/ward-B-H.jpg"")",https://irishfamilysurnames.com/wp-content/uploads/2021/04/ward-B-H.jpg
Welsh,welsh,https://irishfamilysurnames.com/product/welsh/,"=IMAGE(""https://irishfamilysurnames.com/wp-content/uploads/2021/04/welsh-B-H.jpg"")",https://irishfamilysurnames.com/wp-content/uploads/2021/04/welsh-B-H.jpg
Whalen,whalen,https://irishfamilysurnames.com/product/whalen/,"=IMAGE(""https://irishfamilysurnames.com/wp-content/uploads/2021/04/whalen-B-H.jpg"")",https://irishfamilysurnames.com/wp-content/uploads/2021/04/whalen-B-H.jpg
Whelan,whelan,https://irishfamilysurnames.com/product/whelan/,"=IMAGE(""https://irishfamilysurnames.com/wp-content/uploads/2021/04/whelan-B-H.jpg"")",https://irishfamilysurnames.com/wp-content/uploads/2021/04/whelan-B-H.jpg
White,white,https://irishfamilysurnames.com/product/white/,"=IMAGE(""https://irishfamilysurnames.com/wp-content/uploads/2021/04/white-B-H.jpg"")",https://irishfamilysurnames.com/wp-content/uploads/2021/04/white-B-H.jpg
Williams,williams,https://irishfamilysurnames.com/product/williams/,"=IMAGE(""https://irishfamilysurnames.com/wp-content/uploads/2021/04/williams-B-H.jpg"")",https://irishfamilysurnames.com/wp-content/uploads/2021/04/williams-B-H.jpg
Wilson,wilson,https://irishfamilysurnames.com/product/wilson/,"=IMAGE(""https://irishfamilysurnames.com/wp-content/uploads/2021/04/wilson-B-H.jpg"")",https://irishfamilysurnames.com/wp-content/uploads/2021/04/wilson-B-H.jpg
Woods,woods,https://irishfamilysurnames.com/product/woods/,"=IMAGE(""https://irishfamilysurnames.com/wp-content/uploads/2021/04/woods-B-H.jpg"")",https://irishfamilysurnames.com/wp-content/uploads/2021/04/woods-B-H.jpg
Young,young,https://irishfamilysurnames.com/product/young/,"=IMAGE(""https://irishfamilysurnames.com/wp-content/uploads/2021/04/young-B-H.jpg"")",https://irishfamilysurnames.com/wp-content/uploads/2021/04/young-B-H.jpg
