surname,url,image,price,currency,description
keogh,https://irishfamilysurnames.com/product/keogh/,https://irishfamilysurnames.com/wp-content/uploads/2021/04/keogh-B-H.jpg,9.90,EUR,"Learn the full history of your family with a Family History or a Crest/History Combination.

Family History Standard : 16 x 20 cm | 6 x 8 inches. €9.90

Family History Large : 20 x 26 cm | 8 x 10 inches. €12.50

Family Combination (History &amp;amp; Crest) : 26 x 20 cm | 10 x 8 inches.€14.95

Family Histories and Family Combinations are supplied mounted and ready to frame.
FREE WORLDWIDE POSTAGE"
mckeogh,https://irishfamilysurnames.com/product/mckeogh/,https://irishfamilysurnames.com/wp-content/uploads/2021/04/mckeogh-B-H.jpg,9.90,EUR,"Learn the full history of your family with a Family History or a Crest/History Combination.

Family History Standard : 16 x 20 cm | 6 x 8 inches. €9.90

Family History Large : 20 x 26 cm | 8 x 10 inches. €12.50

Family Combination (History &amp;amp; Crest) : 26 x 20 cm | 10 x 8 inches.€14.95

Family Histories and Family Combinations are supplied mounted and ready to frame.
FREE WORLDWIDE POSTAGE"
