surname,product_id,title,url,image,price,currency,availability,categories,description,history_text,source_file
keogh,1751,Keogh,https://irishfamilysurnames.com/product/keogh/,https://irishfamilysurnames.com/wp-content/uploads/2021/04/keogh-B-H.jpg,9.90,EUR,http://schema.org/InStock,,"Learn the full history of your family with a Family History or a Crest/History Combination.

Family History Standard : 16 x 20 cm | 6 x 8 inches. €9.90

Family History Large : 20 x 26 cm | 8 x 10 inches. €12.50

Family Combination (History &amp;amp; Crest) : 26 x 20 cm | 10 x 8 inches.€14.95

Family Histories and Family Combinations are supplied mounted and ready to frame.
FREE WORLDWIDE POSTAGE",0 Irish Family Surnames 0 Your shopping bag is empty. Go to the shop Home Family Surnames A E J Mc Q W B F K N R Y C G L O S D H M P T Contact Us Privacy Policy Keogh € 9.90 – € 14.95 Price range: €9.90 through €14.95 Learn the full history of your family with a Family History or a Crest/History Combination. Family History Standard : 16 x 20 cm | 6 x 8 inches. €9.90 Family History Large : 20 x 26 cm | 8 x 10 inches. €12.50 Family Combination (History & Crest) : 26 x 20 cm | 10 x 8 inches. €14.95,keogh.html
mckeogh,2677,McKeogh,https://irishfamilysurnames.com/product/mckeogh/,https://irishfamilysurnames.com/wp-content/uploads/2021/04/mckeogh-B-H.jpg,9.90,EUR,http://schema.org/InStock,,"Learn the full history of your family with a Family History or a Crest/History Combination.

Family History Standard : 16 x 20 cm | 6 x 8 inches. €9.90

Family History Large : 20 x 26 cm | 8 x 10 inches. €12.50

Family Combination (History &amp;amp; Crest) : 26 x 20 cm | 10 x 8 inches.€14.95

Family Histories and Family Combinations are supplied mounted and ready to frame.
FREE WORLDWIDE POSTAGE",0 Irish Family Surnames 0 Your shopping bag is empty. Go to the shop Home Family Surnames A E J Mc Q W B F K N R Y C G L O S D H M P T Contact Us Privacy Policy McKeogh € 9.90 – € 14.95 Price range: €9.90 through €14.95 Learn the full history of your family with a Family History or a Crest/History Combination. Family History Standard : 16 x 20 cm | 6 x 8 inches. €9.90 Family History Large : 20 x 26 cm | 8 x 10 inches. €12.50 Family Combination (History & Crest) : 26 x 20 cm | 10 x 8 inches. €14.95,mckeogh.html
